,compound,date,negative,neutral,positive,source,text
0,-0.296,2018-04-04 23:48:26,0.144,0.856,0.0,Fox News,WATCH: @edhenry sits down with EPA Chief Scott Pruitt to discuss controversial pay raise for two of his staff membe‚Ä¶ https://t.co/YxvjCye7BW
1,-0.2263,2018-04-04 23:41:21,0.091,0.909,0.0,Fox News,"RT @FoxNewsResearch: Every president since Ronald Reagan has called on the National Guard for limited, temporary missions along the souther‚Ä¶"
2,-0.6249,2018-04-04 23:32:42,0.215,0.785,0.0,Fox News,".@JonathanTurley: ‚ÄúIf they‚Äôre waiting for a constitutional crisis, there‚Äôs very few objective signs that that‚Äôs goi‚Ä¶ https://t.co/uugfGcWadQ"
3,0.5095,2018-04-04 23:18:29,0.0,0.852,0.148,Fox News,".@GovMikeHuckabee: ‚Äú@POTUS needs to have his most compassion for the citizens of this country, and those are the on‚Ä¶ https://t.co/AsevJmn5fn"
4,0.0,2018-04-04 23:13:27,0.0,1.0,0.0,Fox News,".@GovMikeHuckabee: ‚ÄúWe have borders. Every country has borders. I travel a lot internationally, Martha. I never go‚Ä¶ https://t.co/eaeImtJWrh"
5,0.0,2018-04-04 23:05:33,0.0,1.0,0.0,Fox News,JUST IN: @POTUS signs proclamation sending National Guard to Mexico border immediately https://t.co/q0sAjdXgtw
6,0.0,2018-04-04 23:00:59,0.0,1.0,0.0,Fox News,".@TheKingCenter holds a bell-ringing ceremony to remember Dr. Martin Luther King, Jr. 50 years after his assassinat‚Ä¶ https://t.co/VyYJK16f8O"
7,-0.4019,2018-04-04 22:59:39,0.153,0.847,0.0,Fox News,".@MZHemingway on Syria strategy: ""Not every problem in the Middle East is our problem."" #SpecialReport https://t.co/ChLLea00YS"
8,0.0,2018-04-04 22:54:40,0.0,1.0,0.0,Fox News,"BREAKING: US to sanction Russian business leaders under law targeting alleged election-meddling, official says https://t.co/AVxVmM86pX"
9,0.0,2018-04-04 22:52:52,0.0,1.0,0.0,Fox News,.@POTUS to sign proclamation sending National Guard to the border immediately. @johnrobertsFox has the story.‚Ä¶ https://t.co/VeiDFMdfpB
10,0.6801,2018-04-04 22:51:36,0.0,0.763,0.237,Fox News,"Steve Hayes on China tariffs: ""The Chinese were smart and strategic about how they retaliated. It's very clear that‚Ä¶ https://t.co/F4v9Get6ud"
11,0.7906,2018-04-04 22:43:18,0.0,0.68,0.32,Fox News,Credit companies say credit card transactions are safer now that cards have chips. David Lee Miller has the story.‚Ä¶ https://t.co/zns8z4KpGQ
12,0.1027,2018-04-04 22:35:16,0.159,0.652,0.188,Fox News,.@Patriots wide receiver Julian Edelman helps stop potential school shooting https://t.co/bQgUh3f53i
13,0.0,2018-04-04 22:28:27,0.0,1.0,0.0,Fox News,.@chipgaines and @joannagaines say tearful goodbye to 'Fixer Upper' as finale airs https://t.co/2iKIs4N26D
14,-0.3182,2018-04-04 22:13:18,0.145,0.788,0.067,Fox News,Photo of fiery bubble that stretches 65 feet in the air stuns the internet https://t.co/pGMfnEkdxU
15,0.0,2018-04-04 22:00:12,0.0,1.0,0.0,Fox News,".@TheJuanWilliams on Facebook, Cambridge Analytica: ‚ÄúWhy has Facebook been so reticent in coming forward, and telli‚Ä¶ https://t.co/0RFVEbJuST"
16,0.0,2018-04-04 21:58:54,0.0,1.0,0.0,Fox News,"Obama State Dept used taxpayer dollars to fund George Soros group's political activities in Albania, watchdog group‚Ä¶ https://t.co/kbTyiefNFh"
17,0.0,2018-04-04 21:55:27,0.0,1.0,0.0,Fox News,OPINION: @POTUS has every right to defend our border and not give in to migrant group's demands  https://t.co/TO9lrKgiZZ
18,-0.5423,2018-04-04 21:52:26,0.31,0.69,0.0,Fox News,Facebook says up to 87M users affected in Cambridge Analytica scandal https://t.co/9XWvvS5pCt
19,0.2023,2018-04-04 21:45:08,0.0,0.878,0.122,Fox News,"Student, 17, gets full ride to all 20 top colleges where he applied https://t.co/YT00gtokRj"
20,-0.8225,2018-04-04 23:53:35,0.323,0.677,0.0,CNN,"Sheriff on the fatal wreck after a family's SUV went over a California cliff: ""I'm to the point where I no longer a‚Ä¶ https://t.co/e1OK2O1STa"
21,0.5267,2018-04-04 23:40:34,0.0,0.793,0.207,CNN,Liverpool stun Manchester City to take commanding lead in Champions League tie https://t.co/gutj1a7ZMU https://t.co/ybaQUGs83C
22,0.0,2018-04-04 23:34:50,0.0,1.0,0.0,CNN,"Yolanda Renee King, the eldest granddaughter of the Martin Luther King Jr., said the civil rights icon would recogn‚Ä¶ https://t.co/n4mon6OKN5"
23,0.1027,2018-04-04 23:21:05,0.096,0.792,0.113,CNN,The 17 victims of the shooting at Marjory Stoneman Douglas High School will be memorialized in a special issue of t‚Ä¶ https://t.co/urP6BwdTkR
24,-0.5994,2018-04-04 23:13:33,0.17,0.83,0.0,CNN,"On the 50th anniversary of the Rev. Martin Luther King Jr.'s assassination, bells ring 39 times in Memphis, Tenness‚Ä¶ https://t.co/37aXSW45Aw"
25,0.0,2018-04-04 22:52:10,0.0,1.0,0.0,CNN,California Highway Patrol released a photo of Jennifer Hart shopping at a grocery store a day before her family's S‚Ä¶ https://t.co/ehnXBUCslI
26,-0.1531,2018-04-04 22:46:03,0.102,0.825,0.073,CNN,Exclusive: A lawyer who cut deals for a porn star and Playmate over their alleged sexual encounters with Trump says‚Ä¶ https://t.co/cuqv7elN6U
27,0.1531,2018-04-04 22:43:16,0.0,0.914,0.086,CNN,"Rep. Kevin Cramer, the Republican challenging Sen. Heidi Heitkamp this fall in North Dakota, compared voting agains‚Ä¶ https://t.co/yNNWnFOriZ"
28,-0.4939,2018-04-04 22:30:15,0.158,0.842,0.0,CNN,"In an hour-long call with reporters, Mark Zuckerberg took full responsibility for Facebook's recent scandals even a‚Ä¶ https://t.co/nDfL6uViF6"
29,-0.3197,2018-04-04 22:24:39,0.155,0.738,0.107,CNN,Facebook CEO Mark Zuckerberg says that his company will never be able to fully protect its platform from abuse by b‚Ä¶ https://t.co/fGKKlZxfPk
30,-0.2023,2018-04-04 22:17:27,0.107,0.825,0.068,CNN,"Facing pressure from progressive groups and primary challengers up and down the ballot, New York Gov. Andrew Cuomo‚Ä¶ https://t.co/Cyvw1G1NXp"
31,0.0,2018-04-04 22:06:05,0.0,1.0,0.0,CNN,The weather forecast at this year's Masters golf tournament is likely to be as up and down as the scores‚Ä¶ https://t.co/aMcbFgCspU
32,-0.5574,2018-04-04 22:00:50,0.184,0.816,0.0,CNN,A resolution condemning neo-Nazis and white nationalists has died a second time in the Tennessee legislature this w‚Ä¶ https://t.co/4dNWDzupEY
33,0.1779,2018-04-04 21:52:38,0.092,0.786,0.122,CNN,"Hours after both the United States and China detailed plans for sweeping tariffs, trade groups have warned that a t‚Ä¶ https://t.co/jsmq8XelVt"
34,0.0,2018-04-04 21:38:26,0.0,1.0,0.0,CNN,Scott Pruitt's time is rapidly running out | Analysis by @CillizzaCNN https://t.co/zGnWGz6E0X https://t.co/Z4wXoiDyYl
35,0.0,2018-04-04 21:32:08,0.0,1.0,0.0,CNN,Roger Stone appeared on the InfoWars radio show the same day he sent an email claiming he dined with WikiLeaks foun‚Ä¶ https://t.co/LHXFFr87d6
36,0.4215,2018-04-04 21:24:13,0.071,0.714,0.214,CNN,"Exclusive: In an unusual step, special counsel Robert Mueller‚Äôs team is questioning Russian oligarchs who traveled‚Ä¶ https://t.co/VS8kWrv0x2"
37,-0.4588,2018-04-04 21:22:21,0.146,0.796,0.058,CNN,The head of the US FDA believes that the nation's physicians should undergo mandatory training on pain management a‚Ä¶ https://t.co/ADFRk0JdpS
38,0.4215,2018-04-04 21:03:31,0.071,0.714,0.214,CNN,"Exclusive: In an unusual step, special counsel Robert Mueller‚Äôs team is questioning Russian oligarchs who traveled‚Ä¶ https://t.co/5ydMnqSKDD"
39,0.0,2018-04-04 20:56:50,0.0,1.0,0.0,CNN,"President Trump will sign a proclamation directing agencies to deploy the National Guard to the southwest border, H‚Ä¶ https://t.co/qk6tqx5M7p"
40,0.0,2018-04-04 23:50:30,0.0,1.0,0.0,BBC News (World),What next for Trump's trade agenda? https://t.co/ACQTvdCRy5
41,-0.1531,2018-04-04 23:25:33,0.242,0.758,0.0,BBC News (World),Spanish royals in awkward moment https://t.co/5gi6fFAZlB
42,-0.3182,2018-04-04 23:18:16,0.204,0.796,0.0,BBC News (World),The Turkish orphans stranded after IS struggle in Iraq https://t.co/zMlV6dlcqd
43,0.5106,2018-04-04 23:18:16,0.0,0.68,0.32,BBC News (World),What would you do with free money? https://t.co/KiPqg3dj8B
44,0.0,2018-04-04 23:18:16,0.0,1.0,0.0,BBC News (World),What a 160-year-old skull tells us about a mutiny in India https://t.co/SaX16rygVI
45,-0.25,2018-04-04 23:08:48,0.222,0.778,0.0,BBC News (World),Russians protest over 'toxic' landfill near Moscow https://t.co/HecURGC7dm
46,0.0,2018-04-04 20:54:12,0.0,1.0,0.0,BBC News (World),Trumplomacy: Can US quit Syria 'very soon'? It's complicated https://t.co/Uh07FDyils
47,0.4939,2018-04-04 20:49:11,0.0,0.61,0.39,BBC News (World),Using astronomy to save a species https://t.co/MfUwcg6UAs
48,0.4215,2018-04-04 19:51:59,0.0,0.763,0.237,BBC News (World),"V&amp;A's Ethiopian treasures: A crown, a wedding dress and other loot https://t.co/JfH9dSmeQy"
49,0.0,2018-04-04 19:43:55,0.0,1.0,0.0,BBC News (World),Daimler found buried in Guernsey back garden https://t.co/Xe3tod05zR
50,-0.4404,2018-04-04 19:03:30,0.326,0.674,0.0,BBC News (World),Facebook scandal 'hit 87 million users' https://t.co/xcKTVweyUZ
51,-0.5574,2018-04-04 18:18:35,0.31,0.69,0.0,BBC News (World),Austria proposes headscarf ban for girls under 10 https://t.co/XhylnmCyeH
52,0.0,2018-04-04 18:15:29,0.0,1.0,0.0,BBC News (World),Family sues doctor who 'used his sperm' to impregnate patient https://t.co/bxYagSaj63
53,-0.6486,2018-04-04 18:15:29,0.431,0.569,0.0,BBC News (World),YouTube shooting: Suspect visited shooting range before attack https://t.co/1WINB8F5PL
54,-0.765,2018-04-04 17:55:49,0.398,0.602,0.0,BBC News (World),Russian spy: Moscow bid for joint poisoning inquiry fails at OPCW https://t.co/Fi61vHlwts
55,-0.2732,2018-04-04 16:57:47,0.16,0.84,0.0,BBC News (World),France plans to slash MPs by a third as part of reforms https://t.co/UEaOtQsxx2
56,-0.4767,2018-04-04 16:29:58,0.256,0.744,0.0,BBC News (World),US troops 'to stay in Syria until IS defeated' https://t.co/3Ujzh6Yosc
57,0.0,2018-04-04 16:21:24,0.0,1.0,0.0,BBC News (World),"Hop onboard the train that (somehow) squeezes through a crowded market near Bangkok, eight times a day üò≤üöÇ https://t.co/BeGYbrW3ga"
58,0.0772,2018-04-04 15:58:40,0.0,0.86,0.14,BBC News (World),Rival rallies as Brazil awaits Lula jail ruling https://t.co/kNDokBwuwz
59,0.1027,2018-04-04 15:58:38,0.207,0.543,0.25,BBC News (World),Bolivia ex-leader 'responsible for protesters' deaths' https://t.co/xHhbdawot3
60,-0.0516,2018-04-04 23:39:32,0.159,0.691,0.15,CBS News,"On the anniversary of Martin Luther King Jr.'s assassination, Americans paused to celebrate his life and the moveme‚Ä¶ https://t.co/bwGPcTQVrZ"
61,0.4939,2018-04-04 23:08:40,0.0,0.824,0.176,CBS News,WATCH: Bells across the nation toll 39 times in honor of Dr. Martin Luther King. https://t.co/3rLuOJvkdP
62,0.0,2018-04-04 23:03:42,0.0,1.0,0.0,CBS News,"""I think the thing that put a gleam in our eyes was to know that we were going to sing for Dr. King, our idol."" Two‚Ä¶ https://t.co/Boz5HEBb9y"
63,0.0258,2018-04-04 23:01:25,0.12,0.756,0.124,CBS News,The popular @Ancestry DNA test revealed a shocking secret for a woman. She learned the real identity of her biologi‚Ä¶ https://t.co/yEwharMteH
64,-0.5423,2018-04-04 22:56:06,0.263,0.658,0.078,CBS News,Fort Worth police released bodycam footage in the controversial arrest of man who was accused of resisting. His att‚Ä¶ https://t.co/EECuiYRjXJ
65,0.6908,2018-04-04 22:52:16,0.0,0.729,0.271,CBS News,"""If we had the opportunity to talk to President Trump, we would reiterate how vitally important the exports are to‚Ä¶ https://t.co/s7rJXc5NRb"
66,0.4767,2018-04-04 22:49:21,0.0,0.758,0.242,CBS News,The president's announcement to retreat troops from Syria in a matter of months is creating a split in his administ‚Ä¶ https://t.co/ADDDJ2OEMo
67,0.0,2018-04-04 22:44:59,0.0,1.0,0.0,CBS News,.@POTUS will deploy U.S. troops to the southern border with Mexico. The White House is also asking states to send m‚Ä¶ https://t.co/6Jkq3YrHJV
68,0.0,2018-04-04 22:38:24,0.0,1.0,0.0,CBS News,"""I'm being discriminated on YouTube and I am not the only one."" San Bruno police believe a grudge with YouTube drov‚Ä¶ https://t.co/PLL69zN1qR"
69,0.4847,2018-04-04 22:34:46,0.0,0.884,0.116,CBS News,"""As they said, he will never die as long as we mention his name."" Fifty years ago, Dr. Martin Luther King Jr. was g‚Ä¶ https://t.co/SukrNdEiLz"
70,-0.743,2018-04-04 22:15:01,0.329,0.511,0.16,CBS News,"Inspired by the Parkland shooting, one Illinois town votes to ban assault rifles, fine violators up to $1,000 per d‚Ä¶ https://t.co/cvxZ524WdK"
71,-0.2023,2018-04-04 22:00:02,0.091,0.909,0.0,CBS News,"When police arrived, the 3 year old was unconscious and unresponsive. Now, her stepfather has been charged with her‚Ä¶ https://t.co/ScWoSADy2U"
72,-0.6597,2018-04-04 21:47:02,0.252,0.748,0.0,CBS News,"When someone threatened to ""shoot [their] school up"" on Julian Edelman's Instagram account, the Patriots wide recei‚Ä¶ https://t.co/prIrXKxW8a"
73,-0.4404,2018-04-04 21:30:31,0.132,0.868,0.0,CBS News,"During the February 14 massacre in Parkland, Anthony Borges' classmates say he used his body to block a doorway, pr‚Ä¶ https://t.co/EC68o8PeBD"
74,0.2732,2018-04-04 21:11:01,0.0,0.896,0.104,CBS News,"Already under scrutiny for renting a room in a condo from the wife of an energy lobbyist, embattled EPA Administrat‚Ä¶ https://t.co/fDaaGUR9ln"
75,-0.5719,2018-04-04 20:40:43,0.29,0.571,0.139,CBS News,"""Injustice anywhere is a threat to justice everywhere.""

From a Birmingham, Ala., jail cell in 1963, Martin Luther‚Ä¶ https://t.co/XqX5ceSCTw"
76,-0.5719,2018-04-04 20:20:39,0.156,0.844,0.0,CBS News,"WATCH: A giant crack has split the earth in Kenya, terrifying many who live in the area. But what's causing it?‚Ä¶ https://t.co/LiOLKOjQUu"
77,0.0,2018-04-04 20:05:31,0.0,1.0,0.0,CBS News,"Calls of ""zombie-like"" raccoons have poured in throughout northeast Ohio, as locals puzzle over the animals' bizarr‚Ä¶ https://t.co/7DHs2tOiXX"
78,-0.1877,2018-04-04 20:00:11,0.08,0.92,0.0,CBS News,"""The president is reviewing this situation. We haven't had a chance yet to have a deeper dive. We will let you know‚Ä¶ https://t.co/yF1If3rFbZ"
79,-0.0516,2018-04-04 19:54:42,0.095,0.819,0.086,CBS News,"""The president is worried about countries that have been taking advantage of us over decades and he's not going to‚Ä¶ https://t.co/0GnHAk4Gkm"
80,-0.4404,2018-04-04 23:47:29,0.132,0.868,0.0,The New York Times,"RT @melbournecoal: NEW: David Smith, the chairman of Sinclair, responds to criticism about his company, defends ""must-runs"" and likens them‚Ä¶"
81,0.0772,2018-04-04 23:38:06,0.118,0.717,0.165,The New York Times,"RT @NYTSports: Tiger Woods is back at the Masters after an absence that included immense pain and a spinal fusion operation. ""Thank God the‚Ä¶"
82,0.0,2018-04-04 23:29:53,0.0,1.0,0.0,The New York Times,"George Nader has connections to both the Persian Gulf states and Russia, and may have information that links 2 impo‚Ä¶ https://t.co/Q8DRKwxUd9"
83,-0.4588,2018-04-04 23:27:08,0.103,0.897,0.0,The New York Times,"RT @jestei: Asked if she Is the leader of the resistance, Sally Yates says she is troubled by some of the acts of the adminststion and spea‚Ä¶"
84,0.4215,2018-04-04 23:26:40,0.0,0.865,0.135,The New York Times,"George Nader, an adviser to the United Arab Emirates who is cooperating in the Mueller investigation, has previousl‚Ä¶ https://t.co/Vz1DKujd8I"
85,0.0,2018-04-04 23:21:50,0.0,1.0,0.0,The New York Times,"Watch live: Sally Yates, the former acting attorney general who was dismissed by President Trump last year, is spea‚Ä¶ https://t.co/2noWH8aipv"
86,0.2023,2018-04-04 23:18:05,0.0,0.927,0.073,The New York Times,"RT @nytimesworld: Boracay in the Philippines has been one of the world's top tourism hot spots over the past decade. Now, the president say‚Ä¶"
87,-0.8126,2018-04-04 23:08:02,0.331,0.669,0.0,The New York Times,The jury that will hear Bill Cosby‚Äôs retrial on sexual assault charges has been picked after a major disagreement o‚Ä¶ https://t.co/c5scFIQaHe
88,0.1027,2018-04-04 22:58:36,0.0,0.928,0.072,The New York Times,"Two women who reached settlements with Bill O'Reilly were required to turn over all evidence, including audio recor‚Ä¶ https://t.co/V6yGxESnJC"
89,0.1027,2018-04-04 22:58:05,0.0,0.935,0.065,The New York Times,"Paul Ryan still projects power in D.C. But back home in WIsconsin, he's facing political challengers on the right a‚Ä¶ https://t.co/3i9gDoF5cK"
90,-0.3818,2018-04-04 22:44:04,0.146,0.854,0.0,The New York Times,Former Fox News host Bill O'Reilly and his lawyers worked hard to keep quiet the women who accused him of sexual ha‚Ä¶ https://t.co/D8NDa5lsAl
91,0.0,2018-04-04 22:38:02,0.0,1.0,0.0,The New York Times,Evening Briefing: Here's what you need to know at the end of your day https://t.co/X9J22zpxes
92,-0.3612,2018-04-04 22:28:03,0.179,0.726,0.095,The New York Times,Scott Pruitt faces a growing list of potential ethics scandals. Let @NYTClimate catch you up: https://t.co/oKmZyGMG3B
93,0.4019,2018-04-04 22:18:02,0.0,0.87,0.13,The New York Times,A family in California whose son was permanently scarred by bedbug bites was awarded nearly $1.6 million by a jury https://t.co/k5lrfDzO5v
94,0.0,2018-04-04 22:08:01,0.0,1.0,0.0,The New York Times,Take extra caution with obscure tech brands. Take a pause and do some research. https://t.co/JfpCDK5jvu
95,0.0,2018-04-04 21:58:04,0.0,1.0,0.0,The New York Times,The yearbook staff at Marjory Stoneman Douglas High School knew they'd have to memorialize the shooting in their ye‚Ä¶ https://t.co/SdnnzkHIur
96,0.0,2018-04-04 21:48:04,0.0,1.0,0.0,The New York Times,‚ÄúWe believe that Google should not be in the business of war.‚Äù Thousands of Google employees have signed a letter p‚Ä¶ https://t.co/8uuA3UwzEk
97,0.0258,2018-04-04 21:38:07,0.142,0.711,0.147,The New York Times,"Evan Rachel Wood has turned her trauma into good. On ""Westworld"" and in life. https://t.co/Tf6C7q6jg4 https://t.co/Pcaa1SuHUh"
98,-0.4588,2018-04-04 21:28:05,0.2,0.8,0.0,The New York Times,A group suing Harvard over discrimination is demanding the release of hundreds of thousands of admissions files. Ha‚Ä¶ https://t.co/Mm6N6q2Eyv
99,-0.5994,2018-04-04 21:18:05,0.163,0.837,0.0,The New York Times,We asked NYT readers how they reacted to the news of Martin Luther King Jr.'s death. Here are their memories. https://t.co/UEOdbdCp7p
100,-0.296,2018-04-04 23:48:26,0.144,0.856,0.0,Fox News,WATCH: @edhenry sits down with EPA Chief Scott Pruitt to discuss controversial pay raise for two of his staff membe‚Ä¶ https://t.co/YxvjCye7BW
101,-0.2263,2018-04-04 23:41:21,0.091,0.909,0.0,Fox News,"RT @FoxNewsResearch: Every president since Ronald Reagan has called on the National Guard for limited, temporary missions along the souther‚Ä¶"
102,-0.6249,2018-04-04 23:32:42,0.215,0.785,0.0,Fox News,".@JonathanTurley: ‚ÄúIf they‚Äôre waiting for a constitutional crisis, there‚Äôs very few objective signs that that‚Äôs goi‚Ä¶ https://t.co/uugfGcWadQ"
103,0.5095,2018-04-04 23:18:29,0.0,0.852,0.148,Fox News,".@GovMikeHuckabee: ‚Äú@POTUS needs to have his most compassion for the citizens of this country, and those are the on‚Ä¶ https://t.co/AsevJmn5fn"
104,0.0,2018-04-04 23:13:27,0.0,1.0,0.0,Fox News,".@GovMikeHuckabee: ‚ÄúWe have borders. Every country has borders. I travel a lot internationally, Martha. I never go‚Ä¶ https://t.co/eaeImtJWrh"
105,0.0,2018-04-04 23:05:33,0.0,1.0,0.0,Fox News,JUST IN: @POTUS signs proclamation sending National Guard to Mexico border immediately https://t.co/q0sAjdXgtw
106,0.0,2018-04-04 23:00:59,0.0,1.0,0.0,Fox News,".@TheKingCenter holds a bell-ringing ceremony to remember Dr. Martin Luther King, Jr. 50 years after his assassinat‚Ä¶ https://t.co/VyYJK16f8O"
107,-0.4019,2018-04-04 22:59:39,0.153,0.847,0.0,Fox News,".@MZHemingway on Syria strategy: ""Not every problem in the Middle East is our problem."" #SpecialReport https://t.co/ChLLea00YS"
108,0.0,2018-04-04 22:54:40,0.0,1.0,0.0,Fox News,"BREAKING: US to sanction Russian business leaders under law targeting alleged election-meddling, official says https://t.co/AVxVmM86pX"
109,0.0,2018-04-04 22:52:52,0.0,1.0,0.0,Fox News,.@POTUS to sign proclamation sending National Guard to the border immediately. @johnrobertsFox has the story.‚Ä¶ https://t.co/VeiDFMdfpB
110,0.6801,2018-04-04 22:51:36,0.0,0.763,0.237,Fox News,"Steve Hayes on China tariffs: ""The Chinese were smart and strategic about how they retaliated. It's very clear that‚Ä¶ https://t.co/F4v9Get6ud"
111,0.7906,2018-04-04 22:43:18,0.0,0.68,0.32,Fox News,Credit companies say credit card transactions are safer now that cards have chips. David Lee Miller has the story.‚Ä¶ https://t.co/zns8z4KpGQ
112,0.1027,2018-04-04 22:35:16,0.159,0.652,0.188,Fox News,.@Patriots wide receiver Julian Edelman helps stop potential school shooting https://t.co/bQgUh3f53i
113,0.0,2018-04-04 22:28:27,0.0,1.0,0.0,Fox News,.@chipgaines and @joannagaines say tearful goodbye to 'Fixer Upper' as finale airs https://t.co/2iKIs4N26D
114,-0.3182,2018-04-04 22:13:18,0.145,0.788,0.067,Fox News,Photo of fiery bubble that stretches 65 feet in the air stuns the internet https://t.co/pGMfnEkdxU
115,0.0,2018-04-04 22:00:12,0.0,1.0,0.0,Fox News,".@TheJuanWilliams on Facebook, Cambridge Analytica: ‚ÄúWhy has Facebook been so reticent in coming forward, and telli‚Ä¶ https://t.co/0RFVEbJuST"
116,0.0,2018-04-04 21:58:54,0.0,1.0,0.0,Fox News,"Obama State Dept used taxpayer dollars to fund George Soros group's political activities in Albania, watchdog group‚Ä¶ https://t.co/kbTyiefNFh"
117,0.0,2018-04-04 21:55:27,0.0,1.0,0.0,Fox News,OPINION: @POTUS has every right to defend our border and not give in to migrant group's demands  https://t.co/TO9lrKgiZZ
118,-0.5423,2018-04-04 21:52:26,0.31,0.69,0.0,Fox News,Facebook says up to 87M users affected in Cambridge Analytica scandal https://t.co/9XWvvS5pCt
119,0.2023,2018-04-04 21:45:08,0.0,0.878,0.122,Fox News,"Student, 17, gets full ride to all 20 top colleges where he applied https://t.co/YT00gtokRj"
120,-0.8225,2018-04-04 23:53:35,0.323,0.677,0.0,CNN,"Sheriff on the fatal wreck after a family's SUV went over a California cliff: ""I'm to the point where I no longer a‚Ä¶ https://t.co/e1OK2O1STa"
121,0.5267,2018-04-04 23:40:34,0.0,0.793,0.207,CNN,Liverpool stun Manchester City to take commanding lead in Champions League tie https://t.co/gutj1a7ZMU https://t.co/ybaQUGs83C
122,0.0,2018-04-04 23:34:50,0.0,1.0,0.0,CNN,"Yolanda Renee King, the eldest granddaughter of the Martin Luther King Jr., said the civil rights icon would recogn‚Ä¶ https://t.co/n4mon6OKN5"
123,0.1027,2018-04-04 23:21:05,0.096,0.792,0.113,CNN,The 17 victims of the shooting at Marjory Stoneman Douglas High School will be memorialized in a special issue of t‚Ä¶ https://t.co/urP6BwdTkR
124,-0.5994,2018-04-04 23:13:33,0.17,0.83,0.0,CNN,"On the 50th anniversary of the Rev. Martin Luther King Jr.'s assassination, bells ring 39 times in Memphis, Tenness‚Ä¶ https://t.co/37aXSW45Aw"
125,0.0,2018-04-04 22:52:10,0.0,1.0,0.0,CNN,California Highway Patrol released a photo of Jennifer Hart shopping at a grocery store a day before her family's S‚Ä¶ https://t.co/ehnXBUCslI
126,-0.1531,2018-04-04 22:46:03,0.102,0.825,0.073,CNN,Exclusive: A lawyer who cut deals for a porn star and Playmate over their alleged sexual encounters with Trump says‚Ä¶ https://t.co/cuqv7elN6U
127,0.1531,2018-04-04 22:43:16,0.0,0.914,0.086,CNN,"Rep. Kevin Cramer, the Republican challenging Sen. Heidi Heitkamp this fall in North Dakota, compared voting agains‚Ä¶ https://t.co/yNNWnFOriZ"
128,-0.4939,2018-04-04 22:30:15,0.158,0.842,0.0,CNN,"In an hour-long call with reporters, Mark Zuckerberg took full responsibility for Facebook's recent scandals even a‚Ä¶ https://t.co/nDfL6uViF6"
129,-0.3197,2018-04-04 22:24:39,0.155,0.738,0.107,CNN,Facebook CEO Mark Zuckerberg says that his company will never be able to fully protect its platform from abuse by b‚Ä¶ https://t.co/fGKKlZxfPk
130,-0.2023,2018-04-04 22:17:27,0.107,0.825,0.068,CNN,"Facing pressure from progressive groups and primary challengers up and down the ballot, New York Gov. Andrew Cuomo‚Ä¶ https://t.co/Cyvw1G1NXp"
131,0.0,2018-04-04 22:06:05,0.0,1.0,0.0,CNN,The weather forecast at this year's Masters golf tournament is likely to be as up and down as the scores‚Ä¶ https://t.co/aMcbFgCspU
132,-0.5574,2018-04-04 22:00:50,0.184,0.816,0.0,CNN,A resolution condemning neo-Nazis and white nationalists has died a second time in the Tennessee legislature this w‚Ä¶ https://t.co/4dNWDzupEY
133,0.1779,2018-04-04 21:52:38,0.092,0.786,0.122,CNN,"Hours after both the United States and China detailed plans for sweeping tariffs, trade groups have warned that a t‚Ä¶ https://t.co/jsmq8XelVt"
134,0.0,2018-04-04 21:38:26,0.0,1.0,0.0,CNN,Scott Pruitt's time is rapidly running out | Analysis by @CillizzaCNN https://t.co/zGnWGz6E0X https://t.co/Z4wXoiDyYl
135,0.0,2018-04-04 21:32:08,0.0,1.0,0.0,CNN,Roger Stone appeared on the InfoWars radio show the same day he sent an email claiming he dined with WikiLeaks foun‚Ä¶ https://t.co/LHXFFr87d6
136,0.4215,2018-04-04 21:24:13,0.071,0.714,0.214,CNN,"Exclusive: In an unusual step, special counsel Robert Mueller‚Äôs team is questioning Russian oligarchs who traveled‚Ä¶ https://t.co/VS8kWrv0x2"
137,-0.4588,2018-04-04 21:22:21,0.146,0.796,0.058,CNN,The head of the US FDA believes that the nation's physicians should undergo mandatory training on pain management a‚Ä¶ https://t.co/ADFRk0JdpS
138,0.4215,2018-04-04 21:03:31,0.071,0.714,0.214,CNN,"Exclusive: In an unusual step, special counsel Robert Mueller‚Äôs team is questioning Russian oligarchs who traveled‚Ä¶ https://t.co/5ydMnqSKDD"
139,0.0,2018-04-04 20:56:50,0.0,1.0,0.0,CNN,"President Trump will sign a proclamation directing agencies to deploy the National Guard to the southwest border, H‚Ä¶ https://t.co/qk6tqx5M7p"
140,0.0,2018-04-04 23:50:30,0.0,1.0,0.0,BBC News (World),What next for Trump's trade agenda? https://t.co/ACQTvdCRy5
141,-0.1531,2018-04-04 23:25:33,0.242,0.758,0.0,BBC News (World),Spanish royals in awkward moment https://t.co/5gi6fFAZlB
142,-0.3182,2018-04-04 23:18:16,0.204,0.796,0.0,BBC News (World),The Turkish orphans stranded after IS struggle in Iraq https://t.co/zMlV6dlcqd
143,0.5106,2018-04-04 23:18:16,0.0,0.68,0.32,BBC News (World),What would you do with free money? https://t.co/KiPqg3dj8B
144,0.0,2018-04-04 23:18:16,0.0,1.0,0.0,BBC News (World),What a 160-year-old skull tells us about a mutiny in India https://t.co/SaX16rygVI
145,-0.25,2018-04-04 23:08:48,0.222,0.778,0.0,BBC News (World),Russians protest over 'toxic' landfill near Moscow https://t.co/HecURGC7dm
146,0.0,2018-04-04 20:54:12,0.0,1.0,0.0,BBC News (World),Trumplomacy: Can US quit Syria 'very soon'? It's complicated https://t.co/Uh07FDyils
147,0.4939,2018-04-04 20:49:11,0.0,0.61,0.39,BBC News (World),Using astronomy to save a species https://t.co/MfUwcg6UAs
148,0.4215,2018-04-04 19:51:59,0.0,0.763,0.237,BBC News (World),"V&amp;A's Ethiopian treasures: A crown, a wedding dress and other loot https://t.co/JfH9dSmeQy"
149,0.0,2018-04-04 19:43:55,0.0,1.0,0.0,BBC News (World),Daimler found buried in Guernsey back garden https://t.co/Xe3tod05zR
150,-0.4404,2018-04-04 19:03:30,0.326,0.674,0.0,BBC News (World),Facebook scandal 'hit 87 million users' https://t.co/xcKTVweyUZ
151,-0.5574,2018-04-04 18:18:35,0.31,0.69,0.0,BBC News (World),Austria proposes headscarf ban for girls under 10 https://t.co/XhylnmCyeH
152,0.0,2018-04-04 18:15:29,0.0,1.0,0.0,BBC News (World),Family sues doctor who 'used his sperm' to impregnate patient https://t.co/bxYagSaj63
153,-0.6486,2018-04-04 18:15:29,0.431,0.569,0.0,BBC News (World),YouTube shooting: Suspect visited shooting range before attack https://t.co/1WINB8F5PL
154,-0.765,2018-04-04 17:55:49,0.398,0.602,0.0,BBC News (World),Russian spy: Moscow bid for joint poisoning inquiry fails at OPCW https://t.co/Fi61vHlwts
155,-0.2732,2018-04-04 16:57:47,0.16,0.84,0.0,BBC News (World),France plans to slash MPs by a third as part of reforms https://t.co/UEaOtQsxx2
156,-0.4767,2018-04-04 16:29:58,0.256,0.744,0.0,BBC News (World),US troops 'to stay in Syria until IS defeated' https://t.co/3Ujzh6Yosc
157,0.0,2018-04-04 16:21:24,0.0,1.0,0.0,BBC News (World),"Hop onboard the train that (somehow) squeezes through a crowded market near Bangkok, eight times a day üò≤üöÇ https://t.co/BeGYbrW3ga"
158,0.0772,2018-04-04 15:58:40,0.0,0.86,0.14,BBC News (World),Rival rallies as Brazil awaits Lula jail ruling https://t.co/kNDokBwuwz
159,0.1027,2018-04-04 15:58:38,0.207,0.543,0.25,BBC News (World),Bolivia ex-leader 'responsible for protesters' deaths' https://t.co/xHhbdawot3
160,-0.0516,2018-04-04 23:39:32,0.159,0.691,0.15,CBS News,"On the anniversary of Martin Luther King Jr.'s assassination, Americans paused to celebrate his life and the moveme‚Ä¶ https://t.co/bwGPcTQVrZ"
161,0.4939,2018-04-04 23:08:40,0.0,0.824,0.176,CBS News,WATCH: Bells across the nation toll 39 times in honor of Dr. Martin Luther King. https://t.co/3rLuOJvkdP
162,0.0,2018-04-04 23:03:42,0.0,1.0,0.0,CBS News,"""I think the thing that put a gleam in our eyes was to know that we were going to sing for Dr. King, our idol."" Two‚Ä¶ https://t.co/Boz5HEBb9y"
163,0.0258,2018-04-04 23:01:25,0.12,0.756,0.124,CBS News,The popular @Ancestry DNA test revealed a shocking secret for a woman. She learned the real identity of her biologi‚Ä¶ https://t.co/yEwharMteH
164,-0.5423,2018-04-04 22:56:06,0.263,0.658,0.078,CBS News,Fort Worth police released bodycam footage in the controversial arrest of man who was accused of resisting. His att‚Ä¶ https://t.co/EECuiYRjXJ
165,0.6908,2018-04-04 22:52:16,0.0,0.729,0.271,CBS News,"""If we had the opportunity to talk to President Trump, we would reiterate how vitally important the exports are to‚Ä¶ https://t.co/s7rJXc5NRb"
166,0.4767,2018-04-04 22:49:21,0.0,0.758,0.242,CBS News,The president's announcement to retreat troops from Syria in a matter of months is creating a split in his administ‚Ä¶ https://t.co/ADDDJ2OEMo
167,0.0,2018-04-04 22:44:59,0.0,1.0,0.0,CBS News,.@POTUS will deploy U.S. troops to the southern border with Mexico. The White House is also asking states to send m‚Ä¶ https://t.co/6Jkq3YrHJV
168,0.0,2018-04-04 22:38:24,0.0,1.0,0.0,CBS News,"""I'm being discriminated on YouTube and I am not the only one."" San Bruno police believe a grudge with YouTube drov‚Ä¶ https://t.co/PLL69zN1qR"
169,0.4847,2018-04-04 22:34:46,0.0,0.884,0.116,CBS News,"""As they said, he will never die as long as we mention his name."" Fifty years ago, Dr. Martin Luther King Jr. was g‚Ä¶ https://t.co/SukrNdEiLz"
170,-0.743,2018-04-04 22:15:01,0.329,0.511,0.16,CBS News,"Inspired by the Parkland shooting, one Illinois town votes to ban assault rifles, fine violators up to $1,000 per d‚Ä¶ https://t.co/cvxZ524WdK"
171,-0.2023,2018-04-04 22:00:02,0.091,0.909,0.0,CBS News,"When police arrived, the 3 year old was unconscious and unresponsive. Now, her stepfather has been charged with her‚Ä¶ https://t.co/ScWoSADy2U"
172,-0.6597,2018-04-04 21:47:02,0.252,0.748,0.0,CBS News,"When someone threatened to ""shoot [their] school up"" on Julian Edelman's Instagram account, the Patriots wide recei‚Ä¶ https://t.co/prIrXKxW8a"
173,-0.4404,2018-04-04 21:30:31,0.132,0.868,0.0,CBS News,"During the February 14 massacre in Parkland, Anthony Borges' classmates say he used his body to block a doorway, pr‚Ä¶ https://t.co/EC68o8PeBD"
174,0.2732,2018-04-04 21:11:01,0.0,0.896,0.104,CBS News,"Already under scrutiny for renting a room in a condo from the wife of an energy lobbyist, embattled EPA Administrat‚Ä¶ https://t.co/fDaaGUR9ln"
175,-0.5719,2018-04-04 20:40:43,0.29,0.571,0.139,CBS News,"""Injustice anywhere is a threat to justice everywhere.""

From a Birmingham, Ala., jail cell in 1963, Martin Luther‚Ä¶ https://t.co/XqX5ceSCTw"
176,-0.5719,2018-04-04 20:20:39,0.156,0.844,0.0,CBS News,"WATCH: A giant crack has split the earth in Kenya, terrifying many who live in the area. But what's causing it?‚Ä¶ https://t.co/LiOLKOjQUu"
177,0.0,2018-04-04 20:05:31,0.0,1.0,0.0,CBS News,"Calls of ""zombie-like"" raccoons have poured in throughout northeast Ohio, as locals puzzle over the animals' bizarr‚Ä¶ https://t.co/7DHs2tOiXX"
178,-0.1877,2018-04-04 20:00:11,0.08,0.92,0.0,CBS News,"""The president is reviewing this situation. We haven't had a chance yet to have a deeper dive. We will let you know‚Ä¶ https://t.co/yF1If3rFbZ"
179,-0.0516,2018-04-04 19:54:42,0.095,0.819,0.086,CBS News,"""The president is worried about countries that have been taking advantage of us over decades and he's not going to‚Ä¶ https://t.co/0GnHAk4Gkm"
180,-0.4404,2018-04-04 23:47:29,0.132,0.868,0.0,The New York Times,"RT @melbournecoal: NEW: David Smith, the chairman of Sinclair, responds to criticism about his company, defends ""must-runs"" and likens them‚Ä¶"
181,0.0772,2018-04-04 23:38:06,0.118,0.717,0.165,The New York Times,"RT @NYTSports: Tiger Woods is back at the Masters after an absence that included immense pain and a spinal fusion operation. ""Thank God the‚Ä¶"
182,0.0,2018-04-04 23:29:53,0.0,1.0,0.0,The New York Times,"George Nader has connections to both the Persian Gulf states and Russia, and may have information that links 2 impo‚Ä¶ https://t.co/Q8DRKwxUd9"
183,-0.4588,2018-04-04 23:27:08,0.103,0.897,0.0,The New York Times,"RT @jestei: Asked if she Is the leader of the resistance, Sally Yates says she is troubled by some of the acts of the adminststion and spea‚Ä¶"
184,0.4215,2018-04-04 23:26:40,0.0,0.865,0.135,The New York Times,"George Nader, an adviser to the United Arab Emirates who is cooperating in the Mueller investigation, has previousl‚Ä¶ https://t.co/Vz1DKujd8I"
185,0.0,2018-04-04 23:21:50,0.0,1.0,0.0,The New York Times,"Watch live: Sally Yates, the former acting attorney general who was dismissed by President Trump last year, is spea‚Ä¶ https://t.co/2noWH8aipv"
186,0.2023,2018-04-04 23:18:05,0.0,0.927,0.073,The New York Times,"RT @nytimesworld: Boracay in the Philippines has been one of the world's top tourism hot spots over the past decade. Now, the president say‚Ä¶"
187,-0.8126,2018-04-04 23:08:02,0.331,0.669,0.0,The New York Times,The jury that will hear Bill Cosby‚Äôs retrial on sexual assault charges has been picked after a major disagreement o‚Ä¶ https://t.co/c5scFIQaHe
188,0.1027,2018-04-04 22:58:36,0.0,0.928,0.072,The New York Times,"Two women who reached settlements with Bill O'Reilly were required to turn over all evidence, including audio recor‚Ä¶ https://t.co/V6yGxESnJC"
189,0.1027,2018-04-04 22:58:05,0.0,0.935,0.065,The New York Times,"Paul Ryan still projects power in D.C. But back home in WIsconsin, he's facing political challengers on the right a‚Ä¶ https://t.co/3i9gDoF5cK"
190,-0.3818,2018-04-04 22:44:04,0.146,0.854,0.0,The New York Times,Former Fox News host Bill O'Reilly and his lawyers worked hard to keep quiet the women who accused him of sexual ha‚Ä¶ https://t.co/D8NDa5lsAl
191,0.0,2018-04-04 22:38:02,0.0,1.0,0.0,The New York Times,Evening Briefing: Here's what you need to know at the end of your day https://t.co/X9J22zpxes
192,-0.3612,2018-04-04 22:28:03,0.179,0.726,0.095,The New York Times,Scott Pruitt faces a growing list of potential ethics scandals. Let @NYTClimate catch you up: https://t.co/oKmZyGMG3B
193,0.4019,2018-04-04 22:18:02,0.0,0.87,0.13,The New York Times,A family in California whose son was permanently scarred by bedbug bites was awarded nearly $1.6 million by a jury https://t.co/k5lrfDzO5v
194,0.0,2018-04-04 22:08:01,0.0,1.0,0.0,The New York Times,Take extra caution with obscure tech brands. Take a pause and do some research. https://t.co/JfpCDK5jvu
195,0.0,2018-04-04 21:58:04,0.0,1.0,0.0,The New York Times,The yearbook staff at Marjory Stoneman Douglas High School knew they'd have to memorialize the shooting in their ye‚Ä¶ https://t.co/SdnnzkHIur
196,0.0,2018-04-04 21:48:04,0.0,1.0,0.0,The New York Times,‚ÄúWe believe that Google should not be in the business of war.‚Äù Thousands of Google employees have signed a letter p‚Ä¶ https://t.co/8uuA3UwzEk
197,0.0258,2018-04-04 21:38:07,0.142,0.711,0.147,The New York Times,"Evan Rachel Wood has turned her trauma into good. On ""Westworld"" and in life. https://t.co/Tf6C7q6jg4 https://t.co/Pcaa1SuHUh"
198,-0.4588,2018-04-04 21:28:05,0.2,0.8,0.0,The New York Times,A group suing Harvard over discrimination is demanding the release of hundreds of thousands of admissions files. Ha‚Ä¶ https://t.co/Mm6N6q2Eyv
199,-0.5994,2018-04-04 21:18:05,0.163,0.837,0.0,The New York Times,We asked NYT readers how they reacted to the news of Martin Luther King Jr.'s death. Here are their memories. https://t.co/UEOdbdCp7p
200,0.7003,2018-04-04 21:29:31,0.0,0.608,0.392,Fox News,MLK honored as thousands march to 'keep the dream going' https://t.co/vTVgKuhAe0
201,0.7003,2018-04-04 21:19:40,0.0,0.746,0.254,Fox News,.@kimguilfoyle: ‚Äú@POTUS‚Äô going to do whatever it takes to honor his promises. This is something that he‚Äôs actually‚Ä¶ https://t.co/bxT0F4DcCy
202,0.4215,2018-04-04 21:10:34,0.0,0.843,0.157,Fox News,".@JesseBWatters: ‚Äú[@POTUS is] defending workers‚Äô wages, he‚Äôs defending our safety, he‚Äôs defending the territorial i‚Ä¶ https://t.co/9pnVjug5Zz"
203,0.0,2018-04-04 21:10:00,0.0,1.0,0.0,Fox News,RT @FoxBusiness: .@amazon said to weigh bid for firm in talks with @Walmart   https://t.co/nZMewnSkbg
204,0.0,2018-04-04 20:58:54,0.0,1.0,0.0,Fox News,"Rudy, Judith Giuliani to divorce after 15 years of marriage https://t.co/6NqqfOCoal"
205,-0.4015,2018-04-04 20:47:40,0.162,0.838,0.0,Fox News,"OPINION: Hold onto your sodas! When politicians are looking for money, nothing is safe https://t.co/r9EkXW93HL"
206,0.8019,2018-04-04 20:44:53,0.0,0.66,0.34,Fox News,"Border Agent: 'We Lock Our Doors Because We Love People Inside, Don't Hate Those Outside' https://t.co/LoDJQDngcs"
207,0.0,2018-04-04 20:32:00,0.0,1.0,0.0,Fox News,"Earlier today, @VP Mike Pence reflected on Dr. Martin Luther King's mission on the fiftieth anniversary of the Civi‚Ä¶ https://t.co/e3WeMgBARm"
208,0.0,2018-04-04 20:25:47,0.0,1.0,0.0,Fox News,".@LisaMarieBoothe: Anything President @realDonaldTrump Does on Immigration Will Trigger 'Massive Uproar' From Left,‚Ä¶ https://t.co/8myLt01csD"
209,-0.3818,2018-04-04 20:12:47,0.12,0.88,0.0,Fox News,".@PressSec: ""The president has maintained all along that our focus has been on defeating ISIS. There we've made sig‚Ä¶ https://t.co/h39YuNKRZR"
210,0.3182,2018-04-04 20:10:03,0.0,0.905,0.095,Fox News,"RT @FoxBusiness: AT THE CLOSE: Stocks staged a huge comeback, with the Dow Jones Industrial Average, S&amp;P 500, and Nasdaq all closing the da‚Ä¶"
211,0.0,2018-04-04 20:09:59,0.0,1.0,0.0,Fox News,"BREAKING: F-16 jet crashes at Nellis Air Force Base outside Las Vegas, officials say  https://t.co/JOYsig3BJT"
212,0.4215,2018-04-04 20:09:08,0.0,0.872,0.128,Fox News,"""These prophetic words were from a man who found his identity and his purpose through his faith and selflessly led‚Ä¶ https://t.co/vRlU2g8568"
213,-0.1437,2018-04-04 20:07:17,0.1,0.827,0.073,Fox News,".@PressSec on on China tariffs: ""China created this problem, not President Trump, but we finally actually have a pr‚Ä¶ https://t.co/ECuw7XDXmx"
214,0.0,2018-04-04 20:03:03,0.0,1.0,0.0,Fox News,".@PressSec on DACA: ""You should be asking Senate Democrats and members of the House...why they aren't willing to ac‚Ä¶ https://t.co/kZr1guFtHS"
215,0.2247,2018-04-04 19:56:34,0.127,0.674,0.198,Fox News,".@SecNielsen: ""The president is frustrated. He has been very clear that he wants to secure our border. He's been ve‚Ä¶ https://t.co/nG0flMtYUf"
216,0.0,2018-04-04 19:51:19,0.0,1.0,0.0,Fox News,".@SecNielsen on planned border wall: ""To us it's all new wall. If there was a wall before that needs to be replaced‚Ä¶ https://t.co/LfTaMtSjdn"
217,0.0,2018-04-04 19:47:30,0.0,1.0,0.0,Fox News,The #Trump administration announced Wednesday that @POTUS will sign a proclamation to send the @USNationalGuard to‚Ä¶ https://t.co/8w3nEwyi4H
218,0.6705,2018-04-04 19:46:47,0.0,0.593,0.407,Fox News,".@SecNielsen: ""Let me be clear: We are a welcoming nation."" https://t.co/afFwmwAt4j"
219,0.34,2018-04-04 19:44:35,0.0,0.87,0.13,Fox News,"Kelli Ward on Visit to AZ Ranch: 'DC Insiders' Claim Border Is Secure, But It's Not https://t.co/Fbkezhjw0n"
220,0.0,2018-04-04 20:51:59,0.0,1.0,0.0,CNN,"The lawmaker leading Republican efforts to maintain their House majority, Rep. Steve Stivers, is downplaying the po‚Ä¶ https://t.co/pWfzhyu28s"
221,0.0,2018-04-04 20:37:38,0.0,1.0,0.0,CNN,"A US Air Force F-16 jet crashed at Nellis Air Force Base in Nevada, according to a US Air Force official‚Ä¶ https://t.co/SDtk1b4sA3"
222,-0.3465,2018-04-04 20:19:10,0.108,0.892,0.0,CNN,President Trump is not OK with the deal EPA Administrator Scott Pruitt received to rent a room in Washington from t‚Ä¶ https://t.co/9P3NWrhsBO
223,0.0,2018-04-04 20:00:10,0.0,1.0,0.0,CNN,Why Trump's China spat has 2018 consequences https://t.co/dgypSkFk7m https://t.co/MQdk1Q1n1m
224,0.0,2018-04-04 19:50:07,0.0,1.0,0.0,CNN,A new report from the Government Accountability Office finds that black students are still disciplined at school di‚Ä¶ https://t.co/7v27vu6nB0
225,-0.4588,2018-04-04 19:40:09,0.19,0.81,0.0,CNN,A morning TV producer at a Sinclair-owned station in Nebraska has resigned in protest of what he calls the company'‚Ä¶ https://t.co/KvwVK8JmIy
226,0.34,2018-04-04 19:36:34,0.0,0.888,0.112,CNN,RT @CNNPolitics: Homeland Security Secretary Kirstjen Nielsen says the White House is asking Congress for additional funding for the border‚Ä¶
227,0.4404,2018-04-04 19:30:05,0.0,0.868,0.132,CNN,"Oklahoma teachers, parents and their supporters are marching 110 miles to the state Capitol to seek more funding fo‚Ä¶ https://t.co/VTUQE4qdb6"
228,0.0,2018-04-04 19:29:01,0.0,1.0,0.0,CNN,"JUST IN: Facebook says Cambridge Analytica, a data firm with ties to President Trump's campaign, may have had infor‚Ä¶ https://t.co/GTHenGy9kD"
229,0.4215,2018-04-04 19:20:05,0.0,0.859,0.141,CNN,"Senate Majority Leader Mitch McConnell says he hopes Republicans can keep the majority in the Senate, acknowledging‚Ä¶ https://t.co/Lp43WaTb6i"
230,0.0,2018-04-04 19:16:51,0.0,1.0,0.0,CNN,"The White House is holding a press briefing. Watch CNN: https://t.co/UYpqI3w42L

Watch on Facebook:‚Ä¶ https://t.co/MEIFqKhfwh"
231,-0.5106,2018-04-04 19:10:07,0.13,0.87,0.0,CNN,"""The thought, the ideas, the pain just won't go away."" 

For the first time in 50 years, Andrew Young and Jesse Jac‚Ä¶ https://t.co/qHKMNdS2Rw"
232,0.0,2018-04-04 19:00:06,0.0,1.0,0.0,CNN,"Anthony Borges, the last patient from the mass shooting at Marjory Stoneman Douglas High School in Parkland, Florid‚Ä¶ https://t.co/Zv9lTn6dbD"
233,0.5267,2018-04-04 18:50:09,0.0,0.848,0.152,CNN,"""If you are speaking on behalf of social justice, then by definition, there's going to be some controversy"": Former‚Ä¶ https://t.co/BtGiLnjFIF"
234,0.0,2018-04-04 18:40:07,0.0,1.0,0.0,CNN,"Planned Parenthood President Cecile Richards says she felt bribed by Ivanka Trump and Jared Kushner, claiming they‚Ä¶ https://t.co/GgkDrn0Mw4"
235,0.4767,2018-04-04 18:30:15,0.0,0.853,0.147,CNN,"Director of National Intelligence Dan Coats says ""more things will be done"" to counter Russia's efforts to undermin‚Ä¶ https://t.co/sQM7MhDMu2"
236,-0.3566,2018-04-04 18:20:11,0.115,0.885,0.0,CNN,"""Non-violence is the most potent weapon we have to bring about social change"" - Bernice King, daughter of Martin Lu‚Ä¶ https://t.co/yFvQdIr7V8"
237,-0.5994,2018-04-04 18:10:05,0.178,0.822,0.0,CNN,US and China have announced actions against imports from each other's businesses. Are we in a trade war yet?‚Ä¶ https://t.co/JosDIp1twI
238,0.5994,2018-04-04 18:00:07,0.0,0.804,0.196,CNN,President Trump will attend a private dinner benefiting pro-Trump super PAC America First Action tonight in Washing‚Ä¶ https://t.co/Zr27U0O5No
239,0.4939,2018-04-04 18:00:04,0.0,0.873,0.127,CNN,"Bernice King, the daughter of Martin Luther King Jr., on how to honor her father on the 50th anniversary of his ass‚Ä¶ https://t.co/i2RMruJVoY"
240,0.0,2018-04-04 15:50:29,0.0,1.0,0.0,BBC News (World),We're gonna need a bigger boat ü¶à https://t.co/rdRHbb2vU3
241,0.0,2018-04-04 15:49:34,0.0,1.0,0.0,BBC News (World),Commonwealth Games opens on Gold Coast https://t.co/IHr0UGNPMy
242,-0.5574,2018-04-04 15:41:35,0.265,0.735,0.0,BBC News (World),The moment Americans heard Martin Luther King Jr had died https://t.co/YjlyzSQyZb
243,-0.5994,2018-04-04 15:31:40,0.281,0.719,0.0,BBC News (World),Martin Luther King Jr: US marks civil rights leader's death https://t.co/uS2U7rXhiS
244,-0.6249,2018-04-04 15:27:24,0.389,0.611,0.0,BBC News (World),RT @BBC_HaveYourSay: YouTube shooting: Social media fakes and misinformation https://t.co/4swnHmnfwd
245,0.0,2018-04-04 15:03:11,0.0,1.0,0.0,BBC News (World),"RT @BBCNorthAmerica: ‚ö°Ô∏è Inside one of America's most corrupt police squads‚Äù by @BBCNorthAmerica

https://t.co/41PNyzEhrC"
246,0.6249,2018-04-04 14:53:12,0.0,0.661,0.339,BBC News (World),Great white shark follows police off Australian coast https://t.co/HQBrRtqtae
247,0.0,2018-04-04 14:49:23,0.0,1.0,0.0,BBC News (World),Bahrain discovers offshore oilfield 'containing 80bn barrels' https://t.co/lWlAqrK4OK
248,0.0,2018-04-04 14:39:21,0.0,1.0,0.0,BBC News (World),The train that drives through a market https://t.co/mQXPHfWGUs
249,0.0,2018-04-04 14:35:46,0.0,1.0,0.0,BBC News (World),"Saving animals using space technology üêò ü¶èü¶íüî≠

https://t.co/SSx5Wdk3wi https://t.co/6tmajDf1Pa"
250,0.0,2018-04-04 14:17:50,0.0,1.0,0.0,BBC News (World),China human rights: Wife marches for 'vanished' husband https://t.co/SQKBJLClTU
251,0.0,2018-04-04 12:55:53,0.0,1.0,0.0,BBC News (World),Facebook's Zuckerberg to testify before US committee https://t.co/Ed0jlUIVQq
252,0.0,2018-04-04 12:24:35,0.0,1.0,0.0,BBC News (World),"RT @BBCSport: An array of colours on display at the Carrara Stadium ‚ù§Ô∏èüß°üíõüíöüíôüíúüíñ

Watch live üëâ https://t.co/wW7LeSnTjf

#bbcgoldcoast #GC2018 h‚Ä¶"
253,0.0,2018-04-04 11:38:43,0.0,1.0,0.0,BBC News (World),Sesame street theme park receives world's first autism certification https://t.co/mwctHQMadC
254,0.296,2018-04-04 11:26:48,0.0,0.784,0.216,BBC News (World),Cameroon frees European hostages taken in Anglophone area https://t.co/EpJnVastf9
255,-0.7964,2018-04-04 11:26:48,0.536,0.464,0.0,BBC News (World),Outlaw or ignore? How Asia is fighting 'fake news' https://t.co/7azqayCjoM
256,0.0,2018-04-04 11:26:48,0.0,1.0,0.0,BBC News (World),Australian ball-tampering: Steve Smith &amp; Cameron Bancroft will not contest bans https://t.co/ErHfgQj50j
257,0.0,2018-04-04 11:17:55,0.0,1.0,0.0,BBC News (World),Mystery Stingray devices discovered in Washington https://t.co/m4e7UTry82
258,0.6124,2018-04-04 11:10:03,0.0,0.643,0.357,BBC News (World),Florida shooting students: 'Clear bags don't make me feel secure' https://t.co/4nqrgGU6Ut
259,-0.6569,2018-04-04 10:29:58,0.23,0.77,0.0,BBC News (World),Students at the Florida school where 17 people were shot dead say transparent backpacks will not prevent future gun‚Ä¶ https://t.co/DeJQSFiQzb
260,0.4019,2018-04-04 19:50:25,0.0,0.886,0.114,CBS News,A 2014 FBI study examined 160 active shooter incidents over 13 years. Only 6 of them -- less than 4% -- involved fe‚Ä¶ https://t.co/rJC2Wy8g2p
261,0.4939,2018-04-04 19:48:10,0.0,0.792,0.208,CBS News,"""The president is working in conjunction with his legal team in making a determination. I don't have anything speci‚Ä¶ https://t.co/h47KSLGZly"
262,0.4404,2018-04-04 19:39:48,0.0,0.813,0.187,CBS News,WATCH LIVE: Secretary of Homeland Security Kristjen Nielsen says @POTUS has asked the Department of Defense and DHS‚Ä¶ https://t.co/GTIq08NQlj
263,0.34,2018-04-04 19:32:24,0.0,0.893,0.107,CBS News,"NEW: ""Facebook information of up to 87 million people ‚Äî mostly in the US ‚Äî may have been improperly shared with Cam‚Ä¶ https://t.co/h9vB7eNP02"
264,0.0,2018-04-04 19:30:45,0.0,1.0,0.0,CBS News,May the force be with...Meryl Streep? A Petition calling for Meryl Streep to replace Carrie Fisher as Princess Leia‚Ä¶ https://t.co/QcsPqCU8VD
265,0.34,2018-04-04 19:21:22,0.0,0.876,0.124,CBS News,WATCH LIVE: DHS Sec. Kirstjen Nielsen addresses Trump administration border security plan at White House press brie‚Ä¶ https://t.co/gp58DqyiPc
266,0.1779,2018-04-04 19:15:07,0.0,0.918,0.082,CBS News,"""We're not gonna take it"": Twisted Sister's classic rock hit has become the unlikely anthem of the growing teachers‚Ä¶ https://t.co/vzAZdj1JKp"
267,0.3612,2018-04-04 18:55:31,0.0,0.884,0.116,CBS News,Dramatic video shows a row of power lines toppled like dominoes after a tornado swept through an Ohio town on Tuesd‚Ä¶ https://t.co/s3lsiF7mpy
268,-0.4404,2018-04-04 18:32:01,0.139,0.861,0.0,CBS News,"A 15-year-old who used his body to block a classroom door during the Parkland, Florida, school shooting has been re‚Ä¶ https://t.co/YHony3b41U"
269,0.0,2018-04-04 18:16:01,0.0,1.0,0.0,CBS News,More than 3M people have visited the @NMAAHC since it opened nearly 2 years ago. Museum director Lonnie Bunch talks‚Ä¶ https://t.co/OxaHyirKFQ
270,0.0,2018-04-04 18:00:02,0.0,1.0,0.0,CBS News,"Meghan Markle will be getting married twice this spring -- once in real life and once on ""Suits""‚Ä¶ https://t.co/rDTvgJxHXT"
271,-0.6808,2018-04-04 17:41:01,0.295,0.612,0.094,CBS News,"Nikki Haley issues new warning over Syria chemical weapons attacks, and is clear on where the U.S. places the blame‚Ä¶ https://t.co/iwmXQAbPOa"
272,-0.5859,2018-04-04 17:25:01,0.22,0.78,0.0,CBS News,"A southern California woman went to a gun range Tuesday prior to opening fire at the YouTube campus, authorities sa‚Ä¶ https://t.co/weXMGWVJkO"
273,-0.5994,2018-04-04 17:12:01,0.231,0.769,0.0,CBS News,Memphis holds remembrance event 50 years after Martin Luther King Jr.'s assassination: https://t.co/lnUTeS6m2a‚Ä¶ https://t.co/vUS3Va2hIh
274,0.0,2018-04-04 16:56:36,0.0,1.0,0.0,CBS News,President Trump's new economic adviser says it's possible China tariffs won't happen https://t.co/jraMiZBCYG https://t.co/ioI1lOK8CP
275,0.25,2018-04-04 16:45:50,0.0,0.913,0.087,CBS News,"New York City Mayor Bill de Blasio says Martin Luther King Jr.'s ""dream has not been realized"" 50 years after King'‚Ä¶ https://t.co/bpFj3VZ8pL"
276,-0.4939,2018-04-04 16:26:02,0.17,0.741,0.089,CBS News,"Whether YouTube HQ shooting ""rises to the level of terrorism will be determined in the next couple of weeks,"" San B‚Ä¶ https://t.co/ueIIcKGKm2"
277,-0.4588,2018-04-04 16:24:23,0.185,0.756,0.059,CBS News,"San Bruno police chief says YouTube shooting suspect ""legally possessed and owned"" her weapon and she ""was at the g‚Ä¶ https://t.co/VQIPLyKYrq"
278,-0.296,2018-04-04 16:22:33,0.095,0.905,0.0,CBS News,"""This was our first encounter and first awareness of the subject after we arrived on scene. We had no prior contact‚Ä¶ https://t.co/zklv3Po9uz"
279,-0.5859,2018-04-04 16:19:52,0.194,0.806,0.0,CBS News,"""It is believed that the suspect was upset with policies and practices of YouTube. This appears to be the motive fo‚Ä¶ https://t.co/xGabyuLr1M"
280,-0.7845,2018-04-04 21:08:05,0.257,0.743,0.0,The New York Times,"Nearly 10 months after the fire in London‚Äôs Grenfell Tower rise that killed at least 71 people, many of the familie‚Ä¶ https://t.co/nWtAARpKT1"
281,0.0,2018-04-04 20:58:05,0.0,1.0,0.0,The New York Times,RT @SamSifton: I think you'll cook this a couple times a month for the next year or so.  https://t.co/VXiS3KdZXu
282,-0.4404,2018-04-04 20:50:26,0.209,0.791,0.0,The New York Times,Cambridge Analytica and Facebook: The scandal and the fallout so far https://t.co/LFBLjFxUJ9
283,-0.4588,2018-04-04 20:40:07,0.2,0.8,0.0,The New York Times,"What we know about Nasim Aghdam, the woman who attacked YouTube's headquarters https://t.co/jtIft9kGwg"
284,0.0,2018-04-04 20:30:05,0.0,1.0,0.0,The New York Times,RT @alanblinder: The stirring images of Memphis on Wednesday's front page? @mirandarbarnes made them with film. https://t.co/7yu0yBimhB htt‚Ä¶
285,0.0,2018-04-04 20:20:04,0.0,1.0,0.0,The New York Times,President Trump will issue a proclamation directing National Guard troops to the border to assist in combating ille‚Ä¶ https://t.co/vQgujjVv4H
286,0.5017,2018-04-04 20:10:05,0.087,0.715,0.198,The New York Times,RT @nytopinion: Jesse Jackson: It‚Äôs not enough to admire Martin Luther King. Those who value justice and equality must have the will and co‚Ä¶
287,-0.7506,2018-04-04 20:00:23,0.252,0.748,0.0,The New York Times,Donald Trump has a long history of attacking businesses. But his tweets now carry with them the threat that he's pr‚Ä¶ https://t.co/hngBB7VOtX
288,0.0,2018-04-04 19:50:06,0.0,1.0,0.0,The New York Times,"Black students continue to be disciplined at school more often and more harshly than their white peers, the Governm‚Ä¶ https://t.co/qL08z0umo9"
289,0.4939,2018-04-04 19:40:10,0.0,0.868,0.132,The New York Times,"‚ÄúWe have to do this,‚Äù one woman recalled telling the other about coming forward. ‚ÄúGet your courage up. We‚Äôre just g‚Ä¶ https://t.co/ElQm0qiZFa"
290,0.0,2018-04-04 19:31:25,0.0,1.0,0.0,The New York Times,Breaking News: Facebook raised its estimate of how many peoples‚Äô data was improperly used by a consulting firm tied‚Ä¶ https://t.co/TuvHTsrw9Z
291,0.5688,2018-04-04 19:30:08,0.0,0.822,0.178,The New York Times,"RT @NYTmag: This week's cover: On a Montana reservation, basketball is about much more than winning. @abestreep reports https://t.co/EIAA5I‚Ä¶"
292,0.128,2018-04-04 19:20:04,0.109,0.758,0.133,The New York Times,Here's what you need to know about the escalating trade conflict between the United States and China https://t.co/wRj7c6uiaE
293,0.0,2018-04-04 19:10:07,0.0,1.0,0.0,The New York Times,"RT @tackettdc: ""Black students continue to be disciplined at school more often&amp; more harshly than their white peers, often for similar infr‚Ä¶"
294,0.0,2018-04-04 19:00:07,0.0,1.0,0.0,The New York Times,"In Opinion

Op-Ed contributor David Margolick writes about the power of Bobby Kennedy‚Äôs eulogy for Martin Luther Ki‚Ä¶ https://t.co/J57TLy3MuP"
295,0.0,2018-04-04 18:50:05,0.0,1.0,0.0,The New York Times,John Kasich is not *not* running for president https://t.co/6ONN2A2sWq
296,0.5859,2018-04-04 18:40:07,0.0,0.725,0.275,The New York Times,RT @NYTHealth: Bananas vs. sports drinks? Bananas win in study https://t.co/5pHP1c2BvR
297,-0.34,2018-04-04 18:28:52,0.112,0.888,0.0,The New York Times,"‚ÄúI‚Äôm going to shoot my school up watch the news,‚Äù a 14-year-old boy commented on one of Julian Edelman's Instagram‚Ä¶ https://t.co/srQR968USc"
298,0.0,2018-04-04 18:28:01,0.0,1.0,0.0,The New York Times,"‚ÄúWhenever I‚Äôm afraid to do something, I think about his ‚ÄòI Have a Dream‚Äô speech, and I tell myself I can do it‚Äù ‚Äî G‚Ä¶ https://t.co/gCD4Yrgspq"
299,-0.2023,2018-04-04 18:25:00,0.185,0.655,0.161,The New York Times,"‚ÄúWhat worries me most is what‚Äôs going to happen, like if I‚Äôm going to be good at one moment and then be hurt or dea‚Ä¶ https://t.co/wz8LUhULfR"
300,0.0,2018-04-04 19:43:17,0.0,1.0,0.0,Fox News,BREAKING: #Trump to sign proclamation sending @USNationalGuard to the border immediately https://t.co/uCwUZoZD2b
301,-0.5423,2018-04-04 19:39:18,0.189,0.811,0.0,Fox News,".@SecNielsen: ""More than a thousand people a day, 300,000 a year, violating our sovereignty as a nation will never‚Ä¶ https://t.co/aHhkmQIVqS"
302,-0.2263,2018-04-04 19:33:31,0.115,0.813,0.072,Fox News,".@SecNielsen: ""The traffickers and smugglers know that if you arrive with a family, under our current legal and cou‚Ä¶ https://t.co/R5UQkil1x0"
303,-0.2732,2018-04-04 19:28:50,0.207,0.651,0.142,Fox News,".@SecNielsen: ""Our current border security and immigration laws fail the American people."" https://t.co/GNVtoEnBX7"
304,-0.25,2018-04-04 19:23:28,0.266,0.547,0.187,Fox News,".@SecNielsen on border security: ""The threat is real."" https://t.co/JY0mRjxG1n"
305,-0.4019,2018-04-04 19:22:48,0.164,0.765,0.071,Fox News,".@SecNielsen: ""Despite a number of steps that this administration has taken...we continue to see unacceptable level‚Ä¶ https://t.co/3SBrTts3HU"
306,0.5859,2018-04-04 19:19:44,0.0,0.652,0.348,Fox News,".@SecNielsen: ""Border security is homeland security which is national security."" https://t.co/mgVZRX7lhj"
307,0.0,2018-04-04 19:13:03,0.0,1.0,0.0,Fox News,.@PressSec Sarah Sanders holds a @WhiteHouse briefing https://t.co/vyKZiTBzRd
308,-0.7184,2018-04-04 19:10:31,0.353,0.647,0.0,Fox News,'Zombie' raccoons are terrifying Ohio residents in broad daylight with odd behavior https://t.co/VVoh1lu6rs
309,0.0,2018-04-04 19:01:34,0.0,1.0,0.0,Fox News,SOON: @PressSec to hold briefing at the White House. https://t.co/plJFKt6Ezg
310,0.0,2018-04-04 18:58:47,0.0,1.0,0.0,Fox News,RT @FoxBusiness: Facebook data breach tip of iceberg: Missouri attorney general https://t.co/GjbLNbL4Ed
311,0.0258,2018-04-04 18:55:32,0.142,0.71,0.148,Fox News,".@POTUS, @GOPLeader considering cuts to already passed budget to calm conservative backlash https://t.co/KvptCq9oBy"
312,0.0,2018-04-04 18:53:25,0.0,1.0,0.0,Fox News,.@LukeMesserIN and @ToddRokita will face off for the Senate nomination in Indiana. @pdoocy has the story from India‚Ä¶ https://t.co/GkrTkNJgXl
313,0.0,2018-04-04 18:52:20,0.0,1.0,0.0,Fox News,"In a presidential proclamation, President @realDonaldTrump called for ""all Americans to do their part to make Dr. K‚Ä¶ https://t.co/eLNLGEDJeA"
314,0.0,2018-04-04 18:45:02,0.0,1.0,0.0,Fox News,"On @foxandfriends, Dr. @AlvedaCKing reflected on the legacy of her uncle, Dr. Martin Luther King Jr., on the fiftie‚Ä¶ https://t.co/xZX69RDVN7"
315,0.0258,2018-04-04 18:40:43,0.114,0.762,0.124,Fox News,OPINION: @POTUS is right to want to leave Syria https://t.co/UBe4JuBn5u
316,-0.8834,2018-04-04 18:35:24,0.563,0.437,0.0,Fox News,"Town Near Chicago Votes to Ban Assault Weapons, High-Capacity Magazines https://t.co/uVmNuv81HD"
317,0.3818,2018-04-04 18:32:04,0.0,0.88,0.12,Fox News,".@mschlapp on Texas Senate race: ""There is not one single fundamental dynamic in Texas that points to a @tedcruz lo‚Ä¶ https://t.co/6aQqnEmXFk"
318,-0.1779,2018-04-04 18:21:30,0.101,0.829,0.069,Fox News,"Exclusive: Embattled EPA Administrator Scott Pruitt fires back at critics, tells Fox News he just found out about c‚Ä¶ https://t.co/3mJQlbaLZd"
319,0.5106,2018-04-04 18:13:26,0.0,0.798,0.202,Fox News,Memphis honors Martin Luther King 50 years after he was assassinated (via @jonathanserrie) https://t.co/RQWTHo3GQA
320,0.0772,2018-04-04 17:50:09,0.0,0.936,0.064,CNN,"Ohio Republican Gov. John Kasich says he is ""unlikely"" to challenge President Trump in 2020 as an independent, but‚Ä¶ https://t.co/UtKlHeiJ2r"
321,0.4215,2018-04-04 17:44:59,0.098,0.691,0.211,CNN,"RT @CNNnewsroom: The ""announcement that President Trump made certainly undermines the United States' credibility here on the ground"" says @‚Ä¶"
322,0.0,2018-04-04 17:41:05,0.0,1.0,0.0,CNN,These crumbling textbooks show why Oklahoma teachers are walking out https://t.co/1f4YiSRT78 https://t.co/24wDnae2KW
323,-0.6705,2018-04-04 17:32:28,0.355,0.645,0.0,CNN,"The YouTube shooter visited a gun range before the attack, police say https://t.co/qz6biVxaPq"
324,0.0,2018-04-04 17:19:43,0.0,1.0,0.0,CNN,Students have been occupying Howard University's administration building for 7 days now. Demonstrators are drawing‚Ä¶ https://t.co/q1IoFliC3m
325,0.0,2018-04-04 17:08:08,0.0,1.0,0.0,CNN,"Roger Stone, on the day he sent an email claiming he dined with Julian Assange, also predicted that ‚Äúdevastating‚Äù W‚Ä¶ https://t.co/fJTqCGrTLy"
326,-0.4019,2018-04-04 16:56:40,0.097,0.903,0.0,CNN,"""OK, I'm blind... Now let's deal with it"": At 12 years old, Jake Olson found out he was going to go blind. But he d‚Ä¶ https://t.co/VFdtv0manr"
327,-0.296,2018-04-04 16:43:17,0.104,0.896,0.0,CNN,"LIVE NOW: Markets are uncertain. CNNMoney is live from the New York Stock Exchange with a new digital show, ‚ÄúMarket‚Ä¶ https://t.co/8SH6SNxgPn"
328,0.128,2018-04-04 16:30:05,0.0,0.927,0.073,CNN,"Trump's legal team has been told the President is not a target in Mueller's investigation, sources say. But he's mo‚Ä¶ https://t.co/h5NqHZ0cYi"
329,0.0,2018-04-04 16:23:29,0.0,1.0,0.0,CNN,"Read ""I've Been to the Mountaintop,"" the speech Martin Luther King Jr. gave the night before he died‚Ä¶ https://t.co/2B3KpvAJ18"
330,0.4939,2018-04-04 16:10:05,0.0,0.862,0.138,CNN,"50 years ago today, Dr. Martin Luther King, Jr. was assassinated. Here are some ways you can honor his legacy.‚Ä¶ https://t.co/FNShjsAPHC"
331,0.0,2018-04-04 16:05:04,0.0,1.0,0.0,CNN,"Watch ‚ÄúMarkets Now"" ‚Äî @CNNMoney's new digital live show from the floor of the New York Stock Exchange ‚Äî today and e‚Ä¶ https://t.co/eAOiWWIdrM"
332,0.0,2018-04-04 16:00:14,0.0,1.0,0.0,CNN,"President Trump says he is willing to keep US troops in Syria in the short-term, but has made it known to his natio‚Ä¶ https://t.co/tXtLCyDKKT"
333,0.4588,2018-04-04 15:50:08,0.0,0.84,0.16,CNN,"""Each day, I think we must find a way to dream the dream that he dreamed.""

Rep. John Lewis reflects on what his fr‚Ä¶ https://t.co/wl5mfEeZbm"
334,0.0,2018-04-04 15:46:22,0.0,1.0,0.0,CNN,RT @CNNMoney: UPDATE: Stocks plummet then pull back. The Dow falls about 150 points after tumbling as much as 500 points at the open. https‚Ä¶
335,-0.1027,2018-04-04 15:40:04,0.076,0.924,0.0,CNN,"The brother of the YouTube shooter says he called police to warn that ""she might do something""‚Ä¶ https://t.co/TM3h5bIvvo"
336,0.4019,2018-04-04 15:30:03,0.0,0.838,0.162,CNN,Republican Rep. Trey Gowdy says President Trump should meet with special counsel Robert Mueller‚Ä¶ https://t.co/OIIcmlUiVG
337,-0.6369,2018-04-04 15:20:45,0.235,0.671,0.094,CNN,China and the United States appear to be on the brink of a full-blown trade war. And that is terrible news for many‚Ä¶ https://t.co/e6mdvKYXz2
338,-0.8126,2018-04-04 15:11:00,0.457,0.543,0.0,CNN,Anger. Outrage. Disbelief. What women say about the gender pay gap https://t.co/VcqecjF1gt https://t.co/jnwOsRbJ9D
339,0.0,2018-04-04 14:59:42,0.0,1.0,0.0,CNN,"Watch ‚ÄúMarkets Now"" ‚Äî @CNNMoney's new digital live show from the floor of the New York Stock Exchange ‚Äî today and e‚Ä¶ https://t.co/JQSsQOc0pa"
340,0.0,2018-04-04 10:20:29,0.0,1.0,0.0,BBC News (World),German food bank to reopen membership to foreigners after row https://t.co/6K26KIPXbb
341,0.0,2018-04-04 09:37:19,0.0,1.0,0.0,BBC News (World),MLK anniversary: What's changed in America's most segregated city? https://t.co/etiK3f73bM
342,-0.4019,2018-04-04 09:30:23,0.231,0.769,0.0,BBC News (World),Indian woman Rupali Meshram fights off tiger with stick https://t.co/DM8Na7X322
343,0.25,2018-04-04 09:26:14,0.0,0.929,0.071,BBC News (World),"RT @VictoriaLIVE: ""How will the dream live on in me, in you, in all of us?""

@Oprah Winfrey pays tribute to the civil rights leader Dr Mart‚Ä¶"
344,0.0,2018-04-04 08:18:48,0.0,1.0,0.0,BBC News (World),Austin Powers actor Verne Troyer hospitalised https://t.co/TgC4S6aAaL
345,0.0,2018-04-04 07:41:10,0.0,1.0,0.0,BBC News (World),Police in California investigate why a woman shot and wounded three people at @YouTube headquarters‚Ä¶ https://t.co/mOJ2ppb2Mp
346,-0.6705,2018-04-04 07:09:39,0.44,0.56,0.0,BBC News (World),YouTube shooting: Female suspect 'angry over video postings' https://t.co/wLSNGURARV
347,0.5859,2018-04-04 06:22:59,0.0,0.513,0.487,BBC News (World),Mexico's mixed-race beauty contest https://t.co/W9qUJaIgug
348,-0.4767,2018-04-04 05:37:36,0.256,0.744,0.0,BBC News (World),YouTube shooting: How the attack unfolded in San Bruno https://t.co/QfVFyyJMSC
349,0.0,2018-04-04 05:07:19,0.0,1.0,0.0,BBC News (World),New Zealand passes law to erase historical gay sex convictions https://t.co/SOQlw0iSDz
350,0.0,2018-04-04 04:01:09,0.0,1.0,0.0,BBC News (World),Russian spy: Chemical watchdog to meet at Russia's request https://t.co/mYonoZsBj4
351,-0.6705,2018-04-04 03:37:59,0.478,0.522,0.0,BBC News (World),Commonwealth Games: Delegate accused of assaulting athlete https://t.co/Y5uekiKSh6
352,0.0,2018-04-04 03:28:50,0.0,1.0,0.0,BBC News (World),Ukraine: On patrol with the far-right National Militia https://t.co/DoE50InrIJ
353,0.34,2018-04-04 03:13:54,0.0,0.87,0.13,BBC News (World),RT @bbcdavideades: Fifty years on from #MartinLutherKingJr's death....how should we characterise his achievements? Did he secure a watershe‚Ä¶
354,-0.3818,2018-04-04 03:02:57,0.133,0.867,0.0,BBC News (World),"RT @BBCNewsAsia: Still annoyed about Malaysia crispy #RendangGate? üçóhttps://t.co/SPLTeQOYZg

Chill lah. üòù Here are some other examples of B‚Ä¶"
355,-0.2263,2018-04-04 02:29:37,0.087,0.913,0.0,BBC News (World),"RT @BBCNewsAsia: The story of one Chinese couple's tireless search to find their daughter who disappeared when she was 3. 

https://t.co/6Y‚Ä¶"
356,0.0,2018-04-04 02:14:20,0.0,1.0,0.0,BBC News (World),"RT @BBCNewsAsia: What are the most common myths and stereotypes about what Indians eat?

The biggest myth, of course, is that India is a la‚Ä¶"
357,0.0,2018-04-04 01:30:16,0.0,1.0,0.0,BBC News (World),WPP boss Martin Sorrell faces misconduct investigation https://t.co/UZqpbK2evO
358,-0.6486,2018-04-04 00:06:07,0.371,0.629,0.0,BBC News (World),Winnie Mandela - the young mother who refused to be broken https://t.co/0gBx6QY3xx
359,0.0,2018-04-03 23:49:21,0.0,1.0,0.0,BBC News (World),Martin Luther King: How diverse is US politics? https://t.co/0zRK3OC2Jy
360,-0.5267,2018-04-04 16:18:08,0.188,0.812,0.0,CBS News,There is no evidence linking YouTube shooting suspect Nasim Najafi Aghdam to any individuals at the scene at the ti‚Ä¶ https://t.co/Hz9fhgYdwr
361,0.0,2018-04-04 16:15:57,0.0,1.0,0.0,CBS News,Today marks 50 years since civil rights icon Dr. Martin Luther King Jr. was assassinated at a Memphis hotel #MLK50‚Ä¶ https://t.co/YvOo0mErh1
362,-0.7003,2018-04-04 16:15:48,0.298,0.702,0.0,CBS News,No other suspects were located following shooting at YouTube HQ and authorities believe there are no additional sus‚Ä¶ https://t.co/Dmw8s8Ufyw
363,0.0,2018-04-04 16:12:18,0.0,1.0,0.0,CBS News,"WATCH LIVE: Police give an update on Tuesday's shooting at YouTube HQ in San Bruno, California‚Ä¶ https://t.co/Xg40tRNjlr"
364,-0.6249,2018-04-04 16:00:03,0.157,0.843,0.0,CBS News,"They were nearly 1,000 miles apart. But the family of this 7-year-old boy -- bullied for his cleft lip and two diff‚Ä¶ https://t.co/mhmDFfOFmB"
365,0.0,2018-04-04 15:45:01,0.0,1.0,0.0,CBS News,"Police are investigating reports of ""zombie-like"" raccoons in Ohio. One animal followed a man to his door, where it‚Ä¶ https://t.co/gps9dvRA6h"
366,0.0,2018-04-04 15:32:36,0.0,1.0,0.0,CBS News,"As Facebook faces scrutiny over its data collection, Mark Zuckerberg, the social network's founder and CEO, will te‚Ä¶ https://t.co/d5jXcV4dLo"
367,0.8806,2018-04-04 15:24:37,0.0,0.673,0.327,CBS News,"""If Robert Kennedy was here, if Dr. King was here, they would say love each other. And never hate, for hate is too‚Ä¶ https://t.co/1Kz3cdjn9v"
368,0.34,2018-04-04 15:21:27,0.228,0.53,0.242,CBS News,"""I lost a friend. I lost a great brother. I lost my leader. If it hadn't been for Martin Luther King Jr., I don't k‚Ä¶ https://t.co/AyfUdHOPs0"
369,0.5106,2018-04-04 15:17:32,0.0,0.829,0.171,CBS News,WATCH LIVE: Rep. John Lewis gives a speech honoring Martin Luther King Jr. at memorial in Indianapolis‚Ä¶ https://t.co/xokROnVzcE
370,-0.8519,2018-04-04 15:15:01,0.372,0.628,0.0,CBS News,"MLK assassination: How Walter Cronkite covered the April 4, 1968 tragedy on ""CBS Evening News""‚Ä¶ https://t.co/Dqa73pNRfE"
371,-0.6486,2018-04-04 15:00:02,0.275,0.725,0.0,CBS News,Mural of  Pres. Trump with gun and bloody school children painted over in Alabama https://t.co/93PNXjkTtp https://t.co/YtvQLi7cNx
372,0.4019,2018-04-04 14:45:01,0.0,0.838,0.162,CBS News,Democrats lead in special elections to fill open seats in the California Assembly https://t.co/YmZcP52DjV https://t.co/ReG189w4ah
373,-0.5106,2018-04-04 14:30:31,0.212,0.788,0.0,CBS News,"The woman suspected of opening fire at YouTube headquarters, Nasim Aghdam, told family members she thought YouTube‚Ä¶ https://t.co/pOjWVJQJfH"
374,0.2023,2018-04-04 14:15:01,0.0,0.899,0.101,CBS News,Stormy Daniels' lawyer wants details from Treasury on payout from Pres. Trump's personal lawyer to Daniels‚Ä¶ https://t.co/Gj55PyjVqP
375,-0.5994,2018-04-04 14:00:02,0.196,0.804,0.0,CBS News,Choir recalls their meeting with Martin Luther King Jr. just two weeks before his death https://t.co/wwJMp7ABt8 https://t.co/jid2rOEelp
376,0.2023,2018-04-04 13:45:01,0.159,0.61,0.232,CBS News,"President Trump vows ""strong action"" on border security and dismisses China ""trade war"" in early morning tweets‚Ä¶ https://t.co/3O52R494VA"
377,0.0,2018-04-04 13:41:45,0.0,1.0,0.0,CBS News,"‚ÄúOne of the announced tariffs this morning was on soybeans -- that is both political and personal,‚Äù Jack Kramer say‚Ä¶ https://t.co/sOPw1JRQj7"
378,0.0,2018-04-04 13:37:07,0.0,1.0,0.0,CBS News,NEW: Dow opens down almost 2% after China announces new tariffs against U.S. goods. https://t.co/9SZGSFXHXV https://t.co/2FYXXdjMxE
379,0.0,2018-04-04 13:30:37,0.0,1.0,0.0,CBS News,"A man decided to climb Sydney Harbor Bridge, bringing traffic to a standstill and forcing police to negotiate for h‚Ä¶ https://t.co/jNR02SuLUq"
380,0.0,2018-04-04 18:22:00,0.0,1.0,0.0,The New York Times,"‚ÄúIf it wasn‚Äôt for him, I probably wouldn‚Äôt be here because my dad, he‚Äôs African-American, and my mom is white. Now‚Ä¶ https://t.co/X2sbkjCPcQ"
381,0.8225,2018-04-04 18:19:00,0.0,0.677,0.323,The New York Times,"‚ÄúI think about him a lot, almost every day. I‚Äôve got white friends and black friends that I play with a lot. I thin‚Ä¶ https://t.co/YbaWnATlrT"
382,0.0,2018-04-04 18:16:00,0.0,1.0,0.0,The New York Times,"‚ÄúWe had a black history program, and I had to dress up and be Dr. Martin Luther King... I don‚Äôt remember his speech‚Ä¶ https://t.co/eoekwxrh2P"
383,0.4019,2018-04-04 18:13:00,0.0,0.895,0.105,The New York Times,"‚ÄúHe said, ‚ÄòThe time is always right to do right,‚Äô and some people went by it and some people didn‚Äôt. I wish more pe‚Ä¶ https://t.co/PdgCQbzrmg"
384,-0.5994,2018-04-04 18:10:04,0.17,0.83,0.0,The New York Times,"Near the site of the Rev. Dr. Martin Luther King., Jr‚Äôs assassination in Memphis, 6 students reflected on the civil‚Ä¶ https://t.co/pBe0L8cJPJ"
385,0.1531,2018-04-04 18:02:52,0.0,0.904,0.096,The New York Times,"The stars of ""Jersey Shore"" and ""Trading Spaces"" return for reboots wiser, but not warier https://t.co/QjnrVLyPP1"
386,-0.1027,2018-04-04 17:50:08,0.186,0.682,0.133,The New York Times,RT @ScottShaneNYT: This dispute inside Google is a fascinating culture clash. No Beltway Bandit ever has an employee revolt over taking Pen‚Ä¶
387,0.2023,2018-04-04 17:40:08,0.11,0.709,0.181,The New York Times,"Tiger Woods broke down after routinely pushing his body past its limits. ""Thank God there‚Äôs modern science to fix u‚Ä¶ https://t.co/ZPls4jgtpK"
388,-0.6597,2018-04-04 17:30:16,0.18,0.82,0.0,The New York Times,RT @SherylNYT: How do you put out a yearbook when 17 of your classmates have been murdered? Must-read from @PatriciaMazzei @SamuelHodgson o‚Ä¶
389,-0.2263,2018-04-04 17:20:08,0.113,0.821,0.067,The New York Times,"Once you immerse yourself in the tasty, convenient world of sheet-pan suppers, you won‚Äôt want to stop https://t.co/MAZML2vaN3"
390,0.0,2018-04-04 17:10:05,0.0,1.0,0.0,The New York Times,"50 years ago in Indianapolis, Robert F. Kennedy told a tearful crowd that the Rev. Dr. Martin Luther King Jr. had b‚Ä¶ https://t.co/bb4RGPDsvv"
391,0.9081,2018-04-04 17:00:03,0.0,0.592,0.408,The New York Times,"RT @nytimesbooks: Rather than honor people for wealth or celebrity, Robert Reich says, we should honor those who show real virtue https://t‚Ä¶"
392,0.0,2018-04-04 16:50:06,0.0,1.0,0.0,The New York Times,Mark Zuckerberg will testify before Congress next week on Facebook‚Äôs handling of sensitive user data https://t.co/fTXm4VvOAb
393,0.7351,2018-04-04 16:40:03,0.0,0.753,0.247,The New York Times,RT @nytimesworld: The snow monkeys of Japan like a nice warm bath. Scientists wanted to find out the real reason they sought out the hot sp‚Ä¶
394,0.0,2018-04-04 16:30:16,0.0,1.0,0.0,The New York Times,"Evan Rachel Wood on Dolores, her character on ‚ÄúWestworld‚Äù:  ‚ÄúHer journey mirrored so much of what I had been throug‚Ä¶ https://t.co/3ZW00871u8"
395,-0.4019,2018-04-04 16:20:06,0.134,0.79,0.076,The New York Times,RT @rachelswarns: What was Dr. King's message to America in the days before his death?  Join our live chat at 12:30pmET today with civil ri‚Ä¶
396,-0.5994,2018-04-04 16:10:03,0.234,0.766,0.0,The New York Times,"Thousands of Google workers are urging their CEO to drop a Pentagon project, showing Silicon Valley‚Äôs discomfort at‚Ä¶ https://t.co/v3so8mzy9f"
397,0.3612,2018-04-04 16:05:04,0.0,0.898,0.102,The New York Times,RT @PatriciaMazzei: THREAD: Some thoughts on what it was like to report on the Parkland students reworking their yearbook after the Feb. 14‚Ä¶
398,-0.7579,2018-04-04 15:50:07,0.245,0.755,0.0,The New York Times,"The Trump administration is on the cusp of a trade war with China, one that threatens broad swaths of the U.S. econ‚Ä¶ https://t.co/PmHxcnJ8lg"
399,0.0,2018-04-04 15:42:01,0.0,1.0,0.0,The New York Times,"""It‚Äôs not just the physical requirements but the mental requirements. I could not imagine doing my job with million‚Ä¶ https://t.co/UgLiTi0txX"
400,0.0258,2018-04-04 18:11:11,0.088,0.818,0.094,Fox News,".@EPAScottPruitt pushes back on pay raise, condo controversy in Fox exclusive with @edhenry https://t.co/zGKS2NOXtV https://t.co/IHxOwBCf0V"
401,0.5013,2018-04-04 18:03:42,0.0,0.779,0.221,Fox News,Michael Goodwin: Migrant ‚Äòcaravan‚Äô gives Trump an opportunity to prove he‚Äôs not wavering on the wall https://t.co/95b2A8SBw1
402,0.0,2018-04-04 17:55:33,0.0,1.0,0.0,Fox News,".@Zac_Petkanas: ""Most undocumented immigrants don't actually come over the Southern border. They come through ports‚Ä¶ https://t.co/u9KGowK5Du"
403,0.0,2018-04-04 17:47:42,0.0,1.0,0.0,Fox News,".@cvpayne: ""I believe Wall Street is trying to send the administration a message - 'Hey, don't rock the boat, the s‚Ä¶ https://t.co/XnFMuby4vB"
404,-0.296,2018-04-04 17:43:16,0.109,0.891,0.0,Fox News,RT @FoxBusiness: #BreakingNews: @FoxBusiness has learned that Congress is discussing cuts to the $1.3 trillion spending bill ‚Äî via @Ajshaps‚Ä¶
405,-0.2263,2018-04-04 17:37:01,0.112,0.888,0.0,Fox News,"Woman discovers via https://t.co/3WHuztEBHF that her biological father was her parents' fertility doctor, lawsuit s‚Ä¶ https://t.co/P7aqic8oP8"
406,-0.296,2018-04-04 17:30:00,0.18,0.82,0.0,Fox News,Sketch of burglary suspect draws 'hilarious' attention online (via @travfed)  https://t.co/hUTcatop1F
407,0.1531,2018-04-04 17:27:05,0.0,0.89,0.11,Fox News,Baby poses in her late father's military uniform in emotional photos (via @JaninePuhak) https://t.co/hwqqPmzq1Z
408,0.4168,2018-04-04 17:25:43,0.0,0.852,0.148,Fox News,Mueller's team tells President @realDonaldTrump's attorneys he's not a criminal target in the Russia probe at this‚Ä¶ https://t.co/fxlI75o7tS
409,-0.6486,2018-04-04 17:22:25,0.227,0.773,0.0,Fox News,"Art Del Cueto, National Border Patrol Council: ""There's no reason to attack our president. He's doing the right thi‚Ä¶ https://t.co/Km0yJJaC2Z"
410,0.0,2018-04-04 17:11:39,0.0,1.0,0.0,Fox News,Chip and Joanna Gaines say tearful goodbye to 'Fixer Upper' as finale airs https://t.co/5vLl6DjlVv
411,0.4019,2018-04-04 17:02:45,0.0,0.69,0.31,Fox News,Current U.S. military support to border. https://t.co/tXuBzPJTA5
412,0.8271,2018-04-04 17:00:52,0.0,0.609,0.391,Fox News,"'Roseanne' earns praise from Larry King for 'great political balance,' take on Trump https://t.co/FrtZPPliV0"
413,-0.4939,2018-04-04 16:46:14,0.167,0.833,0.0,Fox News,"Couple busted for allegedly running brothel out of home, with kids inside, to fund heroin addiction https://t.co/Nsnoq974ek"
414,0.0,2018-04-04 16:30:00,0.0,1.0,0.0,Fox News,.@HUDgov @SecretaryCarson reflected on Dr. Martin Luther King's mission on the fiftieth anniversary of the Civil Ri‚Ä¶ https://t.co/EAGAkwbOVx
415,-0.5994,2018-04-04 16:29:59,0.17,0.83,0.0,Fox News,".@NancyPelosi reflected on Dr. Martin Luther King Jr., on the fiftieth anniversary of his death, and said the legac‚Ä¶ https://t.co/6PLcACcQrI"
416,0.0,2018-04-04 16:24:11,0.0,1.0,0.0,Fox News,Attendees are seen during a silent march and rally on the National Mall to mark the 50th anniversary of the assassi‚Ä¶ https://t.co/0bTYHLuwRV
417,0.0,2018-04-04 16:22:58,0.0,1.0,0.0,Fox News,".@jasoninthehouse: ""Since 2016, there are more than 100,000 unaccompanied children that have come across the border‚Ä¶ https://t.co/1z1h2dBS2X"
418,0.7906,2018-04-04 16:12:13,0.0,0.611,0.389,Fox News,"'Roseanne' revival wins in the ratings, holds strong in its second week https://t.co/BFCwfKUEuH"
419,0.34,2018-04-04 16:10:30,0.0,0.862,0.138,Fox News,".@LisaMarieBoothe: ""If I was @POTUS... I certainly wouldn't talk to Robert Mueller and his team unless I absolutely‚Ä¶ https://t.co/oYkxCFPuag"
420,0.0,2018-04-04 14:44:33,0.0,1.0,0.0,CNN,Why trainloads of other people's poo have been rotting in an Alabama town for months https://t.co/1srOHx8rU4 https://t.co/9kSG9TzHxP
421,-0.5574,2018-04-04 14:30:18,0.146,0.854,0.0,CNN,"The speech Martin Luther King Jr. gave the night before he died.

Read the full speech, ""I've Been to the Mountaint‚Ä¶ https://t.co/SEi29RzaVZ"
422,-0.34,2018-04-04 14:21:31,0.112,0.888,0.0,CNN,The woman who opened fire at YouTube headquarters in Northern California may have been a disgruntled user of the vi‚Ä¶ https://t.co/aA39HA2gkR
423,0.0,2018-04-04 14:18:23,0.0,1.0,0.0,CNN,"Starting today, @richardquest will host Markets Now, a new live show from the New York Stock Exchange ‚Äî every Wedne‚Ä¶ https://t.co/k10KdzCqML"
424,0.0,2018-04-04 14:06:48,0.0,1.0,0.0,CNN,"""We have circled back to where we may have been 50 years ago as far as what's just and right for God's people ‚Äî all‚Ä¶ https://t.co/LuntMLKR3B"
425,0.0,2018-04-04 13:55:12,0.0,1.0,0.0,CNN,"Anthony Borges, the last patient from the mass shooting at Marjory Stoneman Douglas High School in Parkland, Florid‚Ä¶ https://t.co/MaGxRYETlH"
426,0.0,2018-04-04 13:47:49,0.0,1.0,0.0,CNN,"RT @CNNPhotos: As we pause to remember Martin Luther King‚Äôs legacy, here‚Äôs a look back at his defining years: https://t.co/wlVHJrfqt6 https‚Ä¶"
427,0.0,2018-04-04 13:35:32,0.0,1.0,0.0,CNN,RT @CNNMoney: Dow opens down more than 500 points after China announces plans for steep tariffs on dozens of American goods. https://t.co/A‚Ä¶
428,-0.5994,2018-04-04 13:29:17,0.344,0.552,0.104,CNN,President Trump's attacks on Amazon are a problem for your 401(k) https://t.co/dWkyOqx4XI https://t.co/1aDyBdkVTr
429,0.5267,2018-04-04 13:08:26,0.0,0.848,0.152,CNN,"""If you are speaking on behalf of social justice, then by definition, there's going to be some controversy"": Former‚Ä¶ https://t.co/ucq6XycAeo"
430,-0.3612,2018-04-04 13:02:00,0.164,0.746,0.09,CNN,How President Trump's policies could worsen the migration issue he says he wants to solve https://t.co/gTLL8RTBLm https://t.co/5MIyfycPC5
431,-0.6249,2018-04-04 12:47:16,0.17,0.83,0.0,CNN,"Marchers are gathering in Washington, DC, for a rally to end racism on the 50th anniversary of Martin Luther King J‚Ä¶ https://t.co/GtrlP29ojK"
432,0.0,2018-04-04 12:31:19,0.0,1.0,0.0,CNN,BREAKING: Facebook CEO Mark Zuckerberg will testify in front of a Congressional panel on April 11‚Ä¶ https://t.co/AziripvFc2
433,-0.5106,2018-04-04 12:27:17,0.13,0.87,0.0,CNN,"""The thought, the ideas, the pain just won't go away."" 

For the first time in 50 years, Andrew Young and Jesse Jac‚Ä¶ https://t.co/7rQWh3nvf3"
434,-0.34,2018-04-04 12:13:56,0.263,0.593,0.144,CNN,Trump is hitting Amazon where it hurts https://t.co/7wAZYt50Sn https://t.co/mln9zCrl5E
435,0.0,2018-04-04 12:00:13,0.0,1.0,0.0,CNN,Inside NASA's new golden space telescope https://t.co/zVlSWZocvz https://t.co/cEW91YWatM
436,-0.5994,2018-04-04 11:50:07,0.231,0.769,0.0,CNN,"Reflecting on Martin Luther King Jr.'s legacy, 50 years after his death https://t.co/Tq3EIvs8Ix https://t.co/MZOJzUz3nP"
437,-0.5994,2018-04-04 11:40:08,0.344,0.552,0.104,CNN,President Trump's attacks on Amazon are a problem for your 401(k) https://t.co/4xfqA1B6d7 https://t.co/UsIPPfooPs
438,-0.34,2018-04-04 11:30:13,0.124,0.876,0.0,CNN,"As the investigation continues into why a female shooter opened fire at YouTube headquarters, data shows that it's‚Ä¶ https://t.co/d8EXk8WXlg"
439,0.0,2018-04-04 11:20:08,0.0,1.0,0.0,CNN,A Marine Corps helicopter crashed Tuesday in California during a routine training mission and all four crew members‚Ä¶ https://t.co/3A8V6nyrFn
440,-0.2263,2018-04-03 23:46:56,0.174,0.826,0.0,BBC News (World),The 'baby warehouses' which cater for Israel's unwanted migrants https://t.co/JPUKm1txL1
441,-0.5106,2018-04-03 23:44:16,0.292,0.708,0.0,BBC News (World),The doctor who really feels his patients' pain https://t.co/kTqXsEfv0f
442,-0.4215,2018-04-03 23:41:43,0.359,0.641,0.0,BBC News (World),Russia's bitter taste of capitalism https://t.co/kXlnWc8omf
443,0.0,2018-04-03 22:54:36,0.0,1.0,0.0,BBC News (World),"US plans 25% tariffs on 1,300 Chinese imports https://t.co/XwZq1wgADR"
444,0.0,2018-04-03 22:44:59,0.0,1.0,0.0,BBC News (World),"""You'd think that after... Las Vegas, Parkland, the Pulse nightclub shooting, that we would see an end to this but‚Ä¶ https://t.co/fQxopFleJR"
445,-0.7579,2018-04-03 22:21:51,0.394,0.606,0.0,BBC News (World),"YouTube shooting: Four shot at California HQ, female suspect dead https://t.co/oPVNGyWNak https://t.co/9Rwt6XDJ77"
446,-0.8481,2018-04-03 21:52:11,0.305,0.695,0.0,BBC News (World),"RT @BBCBreaking: Female suspect dead in shooting at YouTube HQ in San Bruno, California which has left at least four other people injured -‚Ä¶"
447,0.4019,2018-04-03 20:53:17,0.0,0.881,0.119,BBC News (World),"RT @BBCBreaking: What we know so far:

- Police say they're responding to ""active shooter"" incident at YouTube headquarters in California
-‚Ä¶"
448,0.0,2018-04-03 20:33:26,0.0,1.0,0.0,BBC News (World),Latest from San Bruno: https://t.co/a5RDa4FFVl https://t.co/NIZEHxsJyO
449,-0.5574,2018-04-03 20:16:48,0.34,0.66,0.0,BBC News (World),'Shots fired' near YouTube HQ in US https://t.co/4upxVwShmQ
450,0.4796,2018-04-03 20:07:31,0.119,0.677,0.204,BBC News (World),"RT @BBCSport: GOAL! Juventus 0-2 Real Madrid

WOW.

Ronaldo has just pulled off an outrageous overhead kick!

Live: https://t.co/NSB5jhrF9c‚Ä¶"
451,-0.2023,2018-04-03 19:38:36,0.184,0.816,0.0,BBC News (World),Swastika removed from controversial Nazi bell in Germany https://t.co/gehmSamMnF
452,0.2263,2018-04-03 19:30:22,0.0,0.826,0.174,BBC News (World),Man pardoned by hotel after seagull and pepperoni incident https://t.co/6HIf6f7LMJ
453,0.0,2018-04-03 19:00:28,0.0,1.0,0.0,BBC News (World),RT @BBCNorthAmerica: Donald Trump says he will send military troops to guard the US-Mexico border https://t.co/qUOte7H7hb https://t.co/oeq5‚Ä¶
454,0.5574,2018-04-03 18:15:59,0.0,0.714,0.286,BBC News (World),Nigerian 'migrant hero' baptised by Pope after foiling robbery https://t.co/1u68J3tRdo
455,-0.296,2018-04-03 17:57:13,0.306,0.694,0.0,BBC News (World),Tearful reunion with missing daughter https://t.co/sOzELGqlgs
456,0.0,2018-04-03 17:54:02,0.0,1.0,0.0,BBC News (World),Trump vows to put US military in charge of southern border https://t.co/qD3yYBOj1i
457,-0.8225,2018-04-03 17:36:27,0.521,0.479,0.0,BBC News (World),Waterslide designer arrested after boy killed on ride https://t.co/Cxu1vpAjPi
458,0.0,2018-04-03 16:54:08,0.0,1.0,0.0,BBC News (World),Israel and Saudi Arabia: The relationship emerging into the open https://t.co/yMnLYtFTLV
459,-0.6908,2018-04-03 16:08:03,0.266,0.734,0.0,BBC News (World),RT @BBCDomC: BBC News Reality Check: Has London's murder rate overtaken New York's? https://t.co/rNY40Mm6z1
460,0.0,2018-04-04 13:15:01,0.0,1.0,0.0,CBS News,"Federal investigators are still examining the explosives recovered after last month's bombing spree in Austin, Texa‚Ä¶ https://t.co/b2OsIfQG1u"
461,0.2893,2018-04-04 13:00:31,0.114,0.716,0.17,CBS News,"An airplane hangar at Houston's Hobby Airport completely collapsed after a strong storm ripped through, leaving an‚Ä¶ https://t.co/m7XDEJMeF4"
462,0.0,2018-04-04 12:46:25,0.0,1.0,0.0,CBS News,More than 3 million people visited the Smithsonian's National Museum of African American History &amp; Culture since it‚Ä¶ https://t.co/goyIqlQAqN
463,-0.3847,2018-04-04 12:45:01,0.175,0.825,0.0,CBS News,What you need to know about Sinclair Broadcast Group: The station owner wasn't well known until a controversial vid‚Ä¶ https://t.co/6MPXHCIcmZ
464,-0.4019,2018-04-04 12:35:44,0.169,0.736,0.095,CBS News,Today marks the 50th anniversary of the assassination of Dr. Martin Luther King Jr. @CBSThisMorning shares the litt‚Ä¶ https://t.co/1IHBVtqgLU
465,0.0,2018-04-04 12:35:03,0.0,1.0,0.0,CBS News,Here‚Äôs a look at some of this morning‚Äôs other headlines on @CBSThisMorning https://t.co/FWTR41VyYl
466,0.0,2018-04-04 12:30:28,0.0,1.0,0.0,CBS News,NEW: Facebook CEO Mark Zuckerberg will testify before congressional panel on April 11th on the company‚Äôs use and pr‚Ä¶ https://t.co/hEeu8g7J3I
467,-0.2263,2018-04-04 12:30:01,0.306,0.437,0.257,CBS News,"Fears over toxic waste buried in yards like ""hidden treasure"" https://t.co/GyWe2sI7fE https://t.co/I73hylVJbf"
468,0.0,2018-04-04 12:27:08,0.0,1.0,0.0,CBS News,A massive crack that is up to 50-feet suddenly opened up in the ground in Africa. The crack stretches along Kenya‚Äôs‚Ä¶ https://t.co/TlCZvEm46p
469,0.0,2018-04-04 12:19:30,0.0,1.0,0.0,CBS News,The Food and Drug Administration is ordering a Las Vegas company to recall all of its dietary supplements containin‚Ä¶ https://t.co/D90Bq7jC8p
470,0.0,2018-04-04 12:15:02,0.0,1.0,0.0,CBS News,Facebook removes more content generated by Kremlin-linked troll farm https://t.co/i5uxmZaymY https://t.co/UgrKvOhbnK
471,-0.5994,2018-04-04 12:13:06,0.17,0.83,0.0,CBS News,Today is the 50th anniversary since Martin Luther King Jr.‚Äôs assassination at the Lorraine Motel in Memphis. The mo‚Ä¶ https://t.co/fjMMhCVy04
472,0.0,2018-04-04 12:07:03,0.0,1.0,0.0,CBS News,North and South Korea are expected to meet to discuss their countries' historic summit. The White House is also mov‚Ä¶ https://t.co/6P7fsov464
473,-0.34,2018-04-04 12:04:42,0.112,0.888,0.0,CBS News,Police are honing in on the motive of the 39-year-old woman who opened fire at YouTube's California headquarters on‚Ä¶ https://t.co/0cJMv6RKgf
474,-0.5267,2018-04-04 12:00:03,0.206,0.794,0.0,CBS News,"Woman who opened fire at YouTube headquarters, wounding three people, thought the company was ""ruining her life,"" f‚Ä¶ https://t.co/8BgqMo2gZq"
475,-0.4939,2018-04-04 11:55:10,0.186,0.814,0.0,CBS News,"RT @CBSThisMorning: For @ATFHQ bomb experts, it's what's leftover from a blast that counts: https://t.co/6wJat3K0ME https://t.co/7shAiGNCDH"
476,0.0,2018-04-04 11:52:16,0.0,1.0,0.0,CBS News,Here‚Äôs a look at some of this morning‚Äôs other headlines on @CBSThisMorning https://t.co/TMnzRY26WO
477,-0.7351,2018-04-04 11:45:01,0.292,0.708,0.0,CBS News,Pres. Trump's call to militarize border comes as illegal crossings last year were lowest since 1971‚Ä¶ https://t.co/E9PKPM0Rth
478,0.0,2018-04-04 11:43:04,0.0,1.0,0.0,CBS News,"Federal investigators are still examining the explosives recovered after last month's bombing spree in Austin, Texa‚Ä¶ https://t.co/LVgEQt3Iyr"
479,-0.3818,2018-04-04 11:36:50,0.133,0.867,0.0,CBS News,A family battle is unfolding in New Hampshire over a $7 million inheritance. Nathan Carman appeared in court Tuesda‚Ä¶ https://t.co/As2l5bVg83
480,0.6369,2018-04-04 15:41:34,0.0,0.833,0.167,The New York Times,"Last year, Alexis married Serena Williams, the greatest tennis player of all time, who he says has ‚Äúa work ethic on‚Ä¶ https://t.co/0hXQcDSgdW"
481,0.5719,2018-04-04 15:40:48,0.0,0.783,0.217,The New York Times,"Reddit co-founder Alexis Ohanian: ""The key is how do we create opportunities for these conversations to actually ch‚Ä¶ https://t.co/jMg685GnfY"
482,0.0258,2018-04-04 15:40:03,0.184,0.628,0.188,The New York Times,"Depending on your perspective, Reddit represents either the best of the web, or the worst https://t.co/jjFnfp0hLQ"
483,-0.1027,2018-04-04 15:29:36,0.106,0.805,0.089,The New York Times,"Breaking News: The White House said that the U.S. is committed to fighting ISIS in Syria, a day after President Tru‚Ä¶ https://t.co/rgU6wd87CR"
484,0.0,2018-04-04 15:20:08,0.0,1.0,0.0,The New York Times,RT @NYTNational: What are teachers asking for? Why is this happening now? Our education reporter @DanaGoldstein answers your questions abou‚Ä¶
485,0.0,2018-04-04 15:10:04,0.0,1.0,0.0,The New York Times,They insisted on preserving a record of the days that came before: Football games. Club activities. The Sadie Hawki‚Ä¶ https://t.co/LEmFsuqp8a
486,0.0,2018-04-04 15:00:25,0.0,1.0,0.0,The New York Times,"RT @NYTArchives: Fifty years ago today, the Rev. Martin Luther King Jr. was assassinated in Memphis. https://t.co/nxNeIxyUpV https://t.co/N‚Ä¶"
487,-0.3804,2018-04-04 14:44:01,0.245,0.755,0.0,The New York Times,5 plants and animals utterly confused by climate change https://t.co/VOTvcFo9b2
488,0.7506,2018-04-04 14:30:10,0.0,0.701,0.299,The New York Times,"Rebecca Dallet, a Milwaukee County Circuit judge favored by liberals, was elected to the Wisconsin Supreme Court https://t.co/c625A02G0J"
489,0.7351,2018-04-04 14:15:11,0.0,0.725,0.275,The New York Times,The snow monkeys of Japan like a nice warm bath. Scientists wanted to find out the real reason they sought out the‚Ä¶ https://t.co/4obCcoub7V
490,0.0258,2018-04-04 14:00:06,0.115,0.766,0.119,The New York Times,"Stocks on Wall Street plunged amid an escalating trade dispute between the United States and China, the world's two‚Ä¶ https://t.co/HLCPB4kFwS"
491,0.0,2018-04-04 13:45:05,0.0,1.0,0.0,The New York Times,üçåüçåüçå https://t.co/hUzsDYoMyN
492,0.0,2018-04-04 13:31:03,0.0,1.0,0.0,The New York Times,"Nasim Najafi Aghdam, the woman identified as the YouTube shooter, told her family in recent weeks that she ""hated""‚Ä¶ https://t.co/SfUTRv68d8"
493,-0.1761,2018-04-04 13:15:09,0.082,0.918,0.0,The New York Times,"Moving with unusual speed, Chinese officials outlined plans to make it more costly to import 106 categories of Amer‚Ä¶ https://t.co/utOurLzaoL"
494,0.0,2018-04-04 13:00:25,0.0,1.0,0.0,The New York Times,Morning Briefing: Here's what you need to know to start your day https://t.co/XIk9SLf6Uz https://t.co/cse80EoI95
495,-0.2263,2018-04-04 12:46:03,0.139,0.861,0.0,The New York Times,Teachers in multiple states have walked off the job after a strike in West Virginia yielded a pay raise and signifi‚Ä¶ https://t.co/EaPcvDJD0W
496,0.0,2018-04-04 12:31:05,0.0,1.0,0.0,The New York Times,"For years, a Democratic schism gave Republicans control of New York's State Senate. A steakhouse deal with the gove‚Ä¶ https://t.co/rv1lyw4P3D"
497,-0.3818,2018-04-04 12:15:32,0.133,0.867,0.0,The New York Times,"Your daily @DealBook briefing: 
‚Ä¢  Beijing moves to escalate its tariffs fight with the U.S.

‚Ä¢  YouTube grapples w‚Ä¶ https://t.co/kJeyoioLDx"
498,-0.5994,2018-04-04 12:14:04,0.17,0.83,0.0,The New York Times,"As the world commemorates the 50th anniversary of the assassination of Martin Luther King Jr., church leaders are c‚Ä¶ https://t.co/Iq7ihJVwMv"
499,-0.0516,2018-04-04 12:00:20,0.08,0.85,0.07,The New York Times,President Trump is falling back on the familiar mix of belligerence and isolationism that fueled his ‚ÄúAmerica First‚Ä¶ https://t.co/B93DsZIyel
